order_id,order_date,customer_id,warehouse,order_status,promised_delivery_date,dispatch_date,delivery_date,invoice_date,due_date,invoice_amount
SO000001,2025-04-01,C014,Guwahati WH,Delivered,2025-04-07,2025-04-01,2025-04-03,2025-04-01,2025-05-16,220033.8
SO000002,2025-04-01,C028,Guwahati WH,Delivered,2025-04-07,2025-04-01,2025-04-03,2025-04-01,2025-04-01,10231.2
SO000003,2025-04-01,C034,Guwahati WH,Delivered,2025-04-07,2025-04-02,2025-04-04,2025-04-02,2025-05-02,64969.2
SO000004,2025-04-02,C046,Siliguri WH,Delivered,2025-04-06,2025-04-02,2025-04-05,2025-04-02,2025-06-01,165186.0
SO000005,2025-04-02,C055,Kolkata WH,Delivered,2025-04-05,2025-04-02,2025-04-04,2025-04-02,2025-04-02,4989.6
SO000006,2025-04-03,C004,Guwahati WH,Delivered,2025-04-09,2025-04-03,2025-04-06,2025-04-03,2025-04-18,10149.6
SO000007,2025-04-03,C027,Kolkata WH,Delivered,2025-04-06,2025-04-04,2025-04-06,2025-04-04,2025-04-04,4365.0
SO000008,2025-04-03,C044,Guwahati WH,Delivered,2025-04-09,2025-04-03,2025-04-08,2025-04-03,2025-04-03,13269.6
SO000009,2025-04-03,C057,Guwahati WH,Delivered,2025-04-09,2025-04-03,2025-04-06,2025-04-03,2025-05-03,21864.6
SO000010,2025-04-04,C031,Guwahati WH,Delivered,2025-04-10,2025-04-05,2025-04-09,2025-04-05,2025-04-20,56349.6
SO000011,2025-04-04,C038,Guwahati WH,Delivered,2025-04-10,2025-04-04,2025-04-06,2025-04-04,2025-05-04,42474.6
SO000012,2025-04-04,C040,Kolkata WH,Delivered,2025-04-09,2025-04-05,2025-04-07,2025-04-05,2025-04-20,14553.0
SO000013,2025-04-04,C051,Kolkata WH,Delivered,2025-04-07,2025-04-04,2025-04-05,2025-04-04,2025-04-04,6415.2
SO000014,2025-04-05,C004,Guwahati WH,Delivered,2025-04-11,2025-04-07,2025-04-12,2025-04-07,2025-04-22,11037.0
SO000015,2025-04-05,C021,Kolkata WH,Delivered,2025-04-10,2025-04-05,2025-04-07,2025-04-05,2025-05-05,60145.2
SO000016,2025-04-05,C025,Guwahati WH,Delivered,2025-04-11,2025-04-07,2025-04-11,2025-04-07,2025-05-07,11284.2
SO000017,2025-04-05,C041,Guwahati WH,Delivered,2025-04-11,2025-04-05,2025-04-07,2025-04-05,2025-05-20,231861.6
SO000018,2025-04-07,C027,Kolkata WH,Delivered,2025-04-10,2025-04-07,2025-04-08,2025-04-07,2025-04-07,9979.2
SO000019,2025-04-07,C042,Kolkata WH,Delivered,2025-04-12,2025-04-08,2025-04-11,2025-04-08,2025-05-08,117028.8
SO000020,2025-04-07,C053,Siliguri WH,Delivered,2025-04-11,2025-04-08,2025-04-10,2025-04-08,2025-05-08,8056.2
SO000021,2025-04-08,C006,Kolkata WH,Delivered,2025-04-11,2025-04-09,2025-04-11,2025-04-09,2025-05-24,248655.6
SO000022,2025-04-08,C015,Kolkata WH,Delivered,2025-04-11,2025-04-08,2025-04-09,2025-04-08,2025-04-08,8910.0
SO000023,2025-04-08,C019,Kolkata WH,Delivered,2025-04-11,2025-04-08,2025-04-10,2025-04-08,2025-04-08,17858.4
SO000024,2025-04-08,C027,Kolkata WH,Delivered,2025-04-11,2025-04-09,2025-04-11,2025-04-09,2025-04-09,15924.0
SO000025,2025-04-08,C037,Guwahati WH,Delivered,2025-04-14,2025-04-09,2025-04-12,2025-04-09,2025-05-09,10080.0
SO000026,2025-04-08,C051,Kolkata WH,Delivered,2025-04-11,2025-04-09,2025-04-10,2025-04-09,2025-04-09,11317.2
SO000027,2025-04-08,C053,Siliguri WH,Delivered,2025-04-12,2025-04-08,2025-04-11,2025-04-08,2025-05-08,16797.6
SO000028,2025-04-09,C003,Guwahati WH,Delivered,2025-04-15,2025-04-09,2025-04-14,2025-04-09,2025-05-24,203137.2
SO000029,2025-04-09,C006,Kolkata WH,Delivered,2025-04-12,2025-04-09,2025-04-11,2025-04-09,2025-05-24,125688.0
SO000030,2025-04-09,C013,Kolkata WH,Delivered,2025-04-12,2025-04-10,2025-04-11,2025-04-10,2025-05-25,169899.0
SO000031,2025-04-09,C037,Guwahati WH,Delivered,2025-04-15,2025-04-10,2025-04-12,2025-04-10,2025-05-10,58222.8
SO000032,2025-04-09,C054,Kolkata WH,Delivered,2025-04-12,2025-04-10,2025-04-11,2025-04-10,2025-05-10,22459.2
SO000033,2025-04-10,C004,Guwahati WH,Delivered,2025-04-16,2025-04-10,2025-04-13,2025-04-10,2025-04-25,13641.6
SO000034,2025-04-10,C013,Kolkata WH,Delivered,2025-04-13,2025-04-11,2025-04-12,2025-04-11,2025-05-26,50364.0
SO000035,2025-04-10,C046,Siliguri WH,Delivered,2025-04-14,2025-04-10,2025-04-12,2025-04-10,2025-06-09,227582.4
SO000036,2025-04-11,C002,Guwahati WH,Delivered,2025-04-17,2025-04-12,2025-04-15,2025-04-12,2025-04-27,3410.4
SO000037,2025-04-11,C027,Kolkata WH,Delivered,2025-04-14,2025-04-11,2025-04-12,2025-04-11,2025-04-11,36887.4
SO000038,2025-04-11,C033,Siliguri WH,Delivered,2025-04-15,2025-04-12,2025-04-15,2025-04-12,2025-05-12,26222.4
SO000039,2025-04-11,C037,Guwahati WH,Delivered,2025-04-17,2025-04-12,2025-04-15,2025-04-12,2025-05-12,8820.0
SO000040,2025-04-12,C002,Guwahati WH,Delivered,2025-04-18,2025-04-14,2025-04-18,2025-04-14,2025-04-29,8731.8
SO000041,2025-04-12,C028,Guwahati WH,Delivered,2025-04-18,2025-04-12,2025-04-14,2025-04-12,2025-04-12,7246.8
SO000042,2025-04-15,C041,Guwahati WH,Delivered,2025-04-21,2025-04-15,2025-04-18,2025-04-15,2025-05-30,246470.4
SO000043,2025-04-15,C051,Kolkata WH,Delivered,2025-04-18,2025-04-16,2025-04-18,2025-04-16,2025-04-16,4939.2
SO000044,2025-04-15,C059,Kolkata WH,Delivered,2025-04-18,2025-04-16,2025-04-18,2025-04-16,2025-05-31,34329.6
SO000045,2025-04-16,C003,Guwahati WH,Delivered,2025-04-22,2025-04-16,2025-04-20,2025-04-16,2025-05-31,327140.4
SO000046,2025-04-16,C006,Kolkata WH,Delivered,2025-04-19,2025-04-16,2025-04-17,2025-04-16,2025-05-31,91671.6
SO000047,2025-04-16,C029,Kolkata WH,Delivered,2025-04-19,2025-04-17,2025-04-18,2025-04-17,2025-04-17,34916.4
SO000048,2025-04-17,C021,Kolkata WH,Delivered,2025-04-22,2025-04-17,2025-04-20,2025-04-17,2025-05-17,28809.0
SO000049,2025-04-17,C035,Kolkata WH,Delivered,2025-04-20,2025-04-17,2025-04-18,2025-04-17,2025-05-02,11761.2
SO000050,2025-04-17,C046,Siliguri WH,Delivered,2025-04-21,2025-04-19,2025-04-22,2025-04-19,2025-06-18,294660.0
SO000051,2025-04-18,C013,Kolkata WH,Delivered,2025-04-21,2025-04-18,2025-04-19,2025-04-18,2025-06-02,49066.8
SO000052,2025-04-18,C041,Guwahati WH,Delivered,2025-04-24,2025-04-19,2025-04-22,2025-04-19,2025-06-03,266841.6
SO000053,2025-04-18,C042,Kolkata WH,Delivered,2025-04-23,2025-04-18,2025-04-21,2025-04-18,2025-05-18,36660.0
SO000054,2025-04-18,C056,Siliguri WH,Delivered,2025-04-22,2025-04-19,2025-04-20,2025-04-19,2025-04-19,16009.8
SO000055,2025-04-19,C013,Kolkata WH,Delivered,2025-04-22,2025-04-21,2025-04-22,2025-04-21,2025-06-05,50904.0
SO000056,2025-04-19,C017,Guwahati WH,Delivered,2025-04-25,2025-04-21,2025-04-23,2025-04-21,2025-06-20,225315.0
SO000057,2025-04-19,C030,Guwahati WH,Delivered,2025-04-25,2025-04-19,2025-04-23,2025-04-19,2025-06-03,66970.8
SO000058,2025-04-19,C041,Guwahati WH,Delivered,2025-04-25,2025-04-21,2025-04-24,2025-04-21,2025-06-05,258983.4
SO000059,2025-04-19,C046,Siliguri WH,Delivered,2025-04-23,2025-04-21,2025-04-23,2025-04-21,2025-06-20,169357.2
SO000060,2025-04-21,C001,Guwahati WH,Delivered,2025-04-27,2025-04-22,2025-04-26,2025-04-22,2025-04-22,8549.4
SO000061,2025-04-21,C027,Kolkata WH,Delivered,2025-04-24,2025-04-21,2025-04-22,2025-04-21,2025-04-21,21900.0
SO000062,2025-04-21,C032,Kolkata WH,Delivered,2025-04-26,2025-04-22,2025-04-24,2025-04-22,2025-04-22,4455.0
SO000063,2025-04-21,C041,Guwahati WH,Delivered,2025-04-27,2025-04-22,2025-04-27,2025-04-22,2025-06-06,276007.8
SO000064,2025-04-21,C060,Kolkata WH,Delivered,2025-04-24,2025-04-22,2025-04-23,2025-04-22,2025-05-22,13669.2
SO000065,2025-04-22,C021,Kolkata WH,Delivered,2025-04-27,2025-04-22,2025-04-25,2025-04-22,2025-05-22,72162.0
SO000066,2025-04-22,C029,Kolkata WH,Delivered,2025-04-25,2025-04-23,2025-04-24,2025-04-23,2025-04-23,11348.4
SO000067,2025-04-22,C046,Siliguri WH,Delivered,2025-04-26,2025-04-22,2025-04-23,2025-04-22,2025-06-21,261562.2
SO000068,2025-04-22,C048,Guwahati WH,Delivered,2025-04-28,2025-04-22,2025-04-26,2025-04-22,2025-05-22,96819.6
SO000069,2025-04-23,C013,Kolkata WH,Delivered,2025-04-26,2025-04-23,2025-04-25,2025-04-23,2025-06-07,137487.6
SO000070,2025-04-23,C059,Kolkata WH,Delivered,2025-04-26,2025-04-23,2025-04-25,2025-04-23,2025-06-07,82023.0
SO000071,2025-04-24,C006,Kolkata WH,Delivered,2025-04-27,2025-04-25,2025-04-26,2025-04-25,2025-06-09,157473.6
SO000072,2025-04-24,C014,Guwahati WH,Delivered,2025-04-30,2025-04-25,2025-04-28,2025-04-25,2025-06-09,50968.8
SO000073,2025-04-24,C029,Kolkata WH,Delivered,2025-04-27,2025-04-25,2025-04-27,2025-04-25,2025-04-25,16228.8
SO000074,2025-04-24,C031,Guwahati WH,Delivered,2025-04-30,2025-04-25,2025-04-29,2025-04-25,2025-05-10,63201.6
SO000075,2025-04-24,C047,Kolkata WH,Delivered,2025-04-29,2025-04-24,2025-04-28,2025-04-24,2025-04-24,12981.6
SO000076,2025-04-24,C055,Kolkata WH,Delivered,2025-04-27,2025-04-25,2025-04-27,2025-04-25,2025-04-25,10407.6
SO000077,2025-04-25,C002,Guwahati WH,Delivered,2025-05-01,2025-04-26,2025-04-29,2025-04-26,2025-05-11,6483.6
SO000078,2025-04-25,C009,Guwahati WH,Delivered,2025-05-01,2025-04-26,2025-04-28,2025-04-26,2025-04-26,29629.8
SO000079,2025-04-25,C013,Kolkata WH,Delivered,2025-04-28,2025-04-25,2025-04-27,2025-04-25,2025-06-09,124110.0
SO000080,2025-04-25,C031,Guwahati WH,Delivered,2025-05-01,2025-04-26,2025-04-29,2025-04-26,2025-05-11,11054.4
SO000081,2025-04-25,C035,Kolkata WH,Delivered,2025-04-28,2025-04-25,2025-04-27,2025-04-25,2025-05-10,3720.0
SO000082,2025-04-25,C048,Guwahati WH,Delivered,2025-05-01,2025-04-25,2025-04-30,2025-04-25,2025-05-25,104680.8
SO000083,2025-04-28,C003,Guwahati WH,Delivered,2025-05-04,2025-04-29,2025-05-02,2025-04-29,2025-06-13,245403.0
SO000084,2025-04-28,C055,Kolkata WH,Delivered,2025-05-01,2025-04-29,2025-05-01,2025-04-29,2025-04-29,30128.4
SO000085,2025-04-29,C034,Guwahati WH,Delivered,2025-05-05,2025-04-30,2025-05-04,2025-04-30,2025-05-30,58955.4
SO000086,2025-04-29,C056,Siliguri WH,Delivered,2025-05-03,2025-04-29,2025-05-01,2025-04-29,2025-04-29,4500.0
SO000087,2025-04-30,C003,Guwahati WH,Delivered,2025-05-06,2025-04-30,2025-05-04,2025-04-30,2025-06-14,302596.2
SO000088,2025-04-30,C006,Kolkata WH,Delivered,2025-05-03,2025-05-01,2025-05-03,2025-05-01,2025-06-15,93081.6
SO000089,2025-04-30,C041,Guwahati WH,Delivered,2025-05-06,2025-04-30,2025-05-05,2025-04-30,2025-06-14,258424.8
SO000090,2025-04-30,C058,Kolkata WH,Delivered,2025-05-03,2025-04-30,2025-05-02,2025-04-30,2025-06-14,65710.8
SO000091,2025-05-01,C017,Guwahati WH,Delivered,2025-05-07,2025-05-02,2025-05-05,2025-05-02,2025-07-01,214725.6
SO000092,2025-05-01,C021,Kolkata WH,Delivered,2025-05-06,2025-05-01,2025-05-04,2025-05-01,2025-05-31,45074.4
SO000093,2025-05-01,C031,Guwahati WH,Delivered,2025-05-07,2025-05-01,2025-05-05,2025-05-01,2025-05-16,66157.2
SO000094,2025-05-01,C046,Siliguri WH,Delivered,2025-05-05,2025-05-02,2025-05-04,2025-05-02,2025-07-01,266785.2
SO000095,2025-05-01,C048,Guwahati WH,Delivered,2025-05-07,2025-05-02,2025-05-07,2025-05-02,2025-06-01,130729.8
SO000096,2025-05-01,C050,Guwahati WH,Delivered,2025-05-07,2025-05-02,2025-05-04,2025-05-02,2025-05-02,9525.6
SO000097,2025-05-02,C006,Kolkata WH,Delivered,2025-05-05,2025-05-02,2025-05-03,2025-05-02,2025-06-16,151574.4
SO000098,2025-05-02,C013,Kolkata WH,Delivered,2025-05-05,2025-05-03,2025-05-05,2025-05-03,2025-06-17,77226.0
SO000099,2025-05-02,C014,Guwahati WH,Delivered,2025-05-08,2025-05-02,2025-05-04,2025-05-02,2025-06-16,192029.4
SO000100,2025-05-02,C015,Kolkata WH,Delivered,2025-05-05,2025-05-03,2025-05-05,2025-05-03,2025-05-03,16072.8
SO000101,2025-05-02,C017,Guwahati WH,Delivered,2025-05-08,2025-05-03,2025-05-05,2025-05-03,2025-07-02,147051.0
SO000102,2025-05-02,C041,Guwahati WH,Delivered,2025-05-08,2025-05-03,2025-05-06,2025-05-03,2025-06-17,550017.6
SO000103,2025-05-02,C046,Siliguri WH,Delivered,2025-05-06,2025-05-02,2025-05-04,2025-05-02,2025-07-01,432334.8
SO000104,2025-05-03,C003,Guwahati WH,Delivered,2025-05-09,2025-05-03,2025-05-08,2025-05-03,2025-06-17,277029.0
SO000105,2025-05-03,C008,Kolkata WH,Delivered,2025-05-06,2025-05-03,2025-05-04,2025-05-03,2025-06-02,23024.4
SO000106,2025-05-03,C033,Siliguri WH,Delivered,2025-05-07,2025-05-05,2025-05-06,2025-05-05,2025-06-04,30371.4
SO000107,2025-05-03,C040,Kolkata WH,Delivered,2025-05-08,2025-05-05,2025-05-08,2025-05-05,2025-05-20,29539.2
SO000108,2025-05-03,C041,Guwahati WH,Delivered,2025-05-09,2025-05-03,2025-05-07,2025-05-03,2025-06-17,499785.6
SO000109,2025-05-05,C006,Kolkata WH,Delivered,2025-05-08,2025-05-06,2025-05-07,2025-05-06,2025-06-20,165981.6
SO000110,2025-05-05,C007,Siliguri WH,Delivered,2025-05-09,2025-05-06,2025-05-09,2025-05-06,2025-06-20,47820.0
SO000111,2025-05-05,C012,Kolkata WH,Delivered,2025-05-10,2025-05-06,2025-05-08,2025-05-06,2025-06-05,12758.4
SO000112,2025-05-05,C013,Kolkata WH,Delivered,2025-05-08,2025-05-06,2025-05-07,2025-05-06,2025-06-20,42998.4
SO000113,2025-05-05,C014,Guwahati WH,Delivered,2025-05-11,2025-05-05,2025-05-10,2025-05-05,2025-06-19,243087.6
SO000114,2025-05-05,C024,Guwahati WH,Delivered,2025-05-11,2025-05-06,2025-05-08,2025-05-06,2025-06-20,134031.6
SO000115,2025-05-05,C041,Guwahati WH,Delivered,2025-05-11,2025-05-06,2025-05-09,2025-05-06,2025-06-20,292809.0
SO000116,2025-05-05,C048,Guwahati WH,Delivered,2025-05-11,2025-05-06,2025-05-11,2025-05-06,2025-06-05,52700.4
SO000117,2025-05-05,C059,Kolkata WH,Delivered,2025-05-08,2025-05-05,2025-05-07,2025-05-05,2025-06-19,70176.6
SO000118,2025-05-06,C007,Siliguri WH,Delivered,2025-05-10,2025-05-06,2025-05-09,2025-05-06,2025-06-20,73562.4
SO000119,2025-05-06,C014,Guwahati WH,Delivered,2025-05-12,2025-05-06,2025-05-08,2025-05-06,2025-06-20,134855.4
SO000120,2025-05-06,C023,Guwahati WH,Delivered,2025-05-12,2025-05-06,2025-05-08,2025-05-06,2025-06-05,3060.0
SO000121,2025-05-06,C028,Guwahati WH,Delivered,2025-05-12,2025-05-07,2025-05-09,2025-05-07,2025-05-07,2735.4
SO000122,2025-05-06,C041,Guwahati WH,Delivered,2025-05-12,2025-05-07,2025-05-09,2025-05-07,2025-06-21,276086.4
SO000123,2025-05-06,C043,Guwahati WH,Delivered,2025-05-12,2025-05-06,2025-05-10,2025-05-06,2025-05-06,15213.6
SO000124,2025-05-06,C049,Kolkata WH,Delivered,2025-05-09,2025-05-07,2025-05-08,2025-05-07,2025-05-22,39300.0
SO000125,2025-05-06,C056,Siliguri WH,Delivered,2025-05-10,2025-05-06,2025-05-07,2025-05-06,2025-05-06,21802.8
SO000126,2025-05-07,C028,Guwahati WH,Delivered,2025-05-13,2025-05-08,2025-05-11,2025-05-08,2025-05-08,25311.6
SO000127,2025-05-07,C037,Guwahati WH,Delivered,2025-05-13,2025-05-07,2025-05-11,2025-05-07,2025-06-06,19051.2
SO000128,2025-05-07,C041,Guwahati WH,Delivered,2025-05-13,2025-05-07,2025-05-10,2025-05-07,2025-06-21,220222.2
SO000129,2025-05-07,C058,Kolkata WH,Delivered,2025-05-10,2025-05-08,2025-05-10,2025-05-08,2025-06-22,46792.8
SO000130,2025-05-08,C003,Guwahati WH,Delivered,2025-05-14,2025-05-08,2025-05-13,2025-05-08,2025-06-22,153137.4
SO000131,2025-05-08,C017,Guwahati WH,Delivered,2025-05-14,2025-05-08,2025-05-11,2025-05-08,2025-07-07,136141.2
SO000132,2025-05-08,C021,Kolkata WH,Delivered,2025-05-13,2025-05-09,2025-05-13,2025-05-09,2025-06-08,71193.6
SO000133,2025-05-08,C024,Guwahati WH,Delivered,2025-05-14,2025-05-08,2025-05-12,2025-05-08,2025-06-22,69788.4
SO000134,2025-05-08,C048,Guwahati WH,Delivered,2025-05-14,2025-05-08,2025-05-13,2025-05-08,2025-06-07,65616.0
SO000135,2025-05-09,C003,Guwahati WH,Delivered,2025-05-15,2025-05-09,2025-05-11,2025-05-09,2025-06-23,124042.2
SO000136,2025-05-09,C015,Kolkata WH,Delivered,2025-05-12,2025-05-10,2025-05-11,2025-05-10,2025-05-10,8197.2
SO000137,2025-05-09,C017,Guwahati WH,Delivered,2025-05-15,2025-05-10,2025-05-15,2025-05-10,2025-07-09,164029.2
SO000138,2025-05-09,C038,Guwahati WH,Delivered,2025-05-15,2025-05-09,2025-05-14,2025-05-09,2025-06-08,45196.2
SO000139,2025-05-10,C005,Kolkata WH,Delivered,2025-05-15,2025-05-12,2025-05-16,2025-05-12,2025-05-12,6630.0
SO000140,2025-05-10,C010,Guwahati WH,Delivered,2025-05-16,2025-05-12,2025-05-17,2025-05-12,2025-06-11,58630.8
SO000141,2025-05-10,C014,Guwahati WH,Delivered,2025-05-16,2025-05-10,2025-05-14,2025-05-10,2025-06-24,221742.0
SO000142,2025-05-10,C022,Kolkata WH,Delivered,2025-05-15,2025-05-12,2025-05-15,2025-05-12,2025-06-11,36328.8
SO000143,2025-05-10,C024,Guwahati WH,Delivered,2025-05-16,2025-05-12,2025-05-16,2025-05-12,2025-06-26,185050.8
SO000144,2025-05-10,C028,Guwahati WH,Delivered,2025-05-16,2025-05-10,2025-05-15,2025-05-10,2025-05-10,20347.2
SO000145,2025-05-10,C030,Guwahati WH,Delivered,2025-05-16,2025-05-10,2025-05-15,2025-05-10,2025-06-24,41868.0
SO000146,2025-05-10,C034,Guwahati WH,Delivered,2025-05-16,2025-05-12,2025-05-14,2025-05-12,2025-06-11,44342.4
SO000147,2025-05-10,C040,Kolkata WH,Delivered,2025-05-15,2025-05-10,2025-05-13,2025-05-10,2025-05-25,19063.2
SO000148,2025-05-10,C041,Guwahati WH,Delivered,2025-05-16,2025-05-12,2025-05-14,2025-05-12,2025-06-26,319011.6
SO000149,2025-05-10,C046,Siliguri WH,Delivered,2025-05-14,2025-05-10,2025-05-12,2025-05-10,2025-07-09,296078.4
SO000150,2025-05-10,C049,Kolkata WH,Delivered,2025-05-13,2025-05-12,2025-05-13,2025-05-12,2025-05-27,24840.0
SO000151,2025-05-12,C010,Guwahati WH,Cancelled,2025-05-18,,,,,0.0
SO000152,2025-05-12,C013,Kolkata WH,Delivered,2025-05-15,2025-05-12,2025-05-14,2025-05-12,2025-06-26,113580.0
SO000153,2025-05-12,C019,Kolkata WH,Delivered,2025-05-15,2025-05-12,2025-05-13,2025-05-12,2025-05-12,9382.8
SO000154,2025-05-12,C041,Guwahati WH,Delivered,2025-05-18,2025-05-12,2025-05-17,2025-05-12,2025-06-26,244605.6
SO000155,2025-05-12,C051,Kolkata WH,Delivered,2025-05-15,2025-05-13,2025-05-14,2025-05-13,2025-05-13,9735.0
SO000156,2025-05-13,C022,Kolkata WH,Delivered,2025-05-18,2025-05-13,2025-05-17,2025-05-13,2025-06-12,12830.4
SO000157,2025-05-13,C027,Kolkata WH,Delivered,2025-05-16,2025-05-13,2025-05-15,2025-05-13,2025-05-13,16228.8
SO000158,2025-05-14,C006,Kolkata WH,Delivered,2025-05-17,2025-05-15,2025-05-17,2025-05-15,2025-06-29,56430.0
SO000159,2025-05-14,C012,Kolkata WH,Delivered,2025-05-19,2025-05-14,2025-05-18,2025-05-14,2025-06-13,95537.4
SO000160,2025-05-14,C030,Guwahati WH,Delivered,2025-05-20,2025-05-14,2025-05-19,2025-05-14,2025-06-28,89001.6
SO000161,2025-05-14,C034,Guwahati WH,Delivered,2025-05-20,2025-05-14,2025-05-18,2025-05-14,2025-06-13,68594.4
SO000162,2025-05-14,C049,Kolkata WH,Delivered,2025-05-17,2025-05-15,2025-05-17,2025-05-15,2025-05-30,32616.6
SO000163,2025-05-14,C056,Siliguri WH,Delivered,2025-05-18,2025-05-14,2025-05-17,2025-05-14,2025-05-14,8280.0
SO000164,2025-05-15,C003,Guwahati WH,Delivered,2025-05-21,2025-05-16,2025-05-21,2025-05-16,2025-06-30,248121.0
SO000165,2025-05-15,C010,Guwahati WH,Delivered,2025-05-21,2025-05-15,2025-05-18,2025-05-15,2025-06-14,97149.6
SO000166,2025-05-15,C017,Guwahati WH,Delivered,2025-05-21,2025-05-15,2025-05-18,2025-05-15,2025-07-14,219817.2
SO000167,2025-05-15,C023,Guwahati WH,Delivered,2025-05-21,2025-05-15,2025-05-18,2025-05-15,2025-06-14,21355.2
SO000168,2025-05-15,C024,Guwahati WH,Delivered,2025-05-21,2025-05-16,2025-05-18,2025-05-16,2025-06-30,151531.2
SO000169,2025-05-15,C033,Siliguri WH,Delivered,2025-05-19,2025-05-16,2025-05-19,2025-05-16,2025-06-15,4573.8
SO000170,2025-05-15,C046,Siliguri WH,Delivered,2025-05-19,2025-05-16,2025-05-17,2025-05-16,2025-07-15,242572.2
SO000171,2025-05-16,C010,Guwahati WH,Delivered,2025-05-22,2025-05-16,2025-05-18,2025-05-16,2025-06-15,97801.2
SO000172,2025-05-17,C029,Kolkata WH,Delivered,2025-05-20,2025-05-19,2025-05-20,2025-05-19,2025-05-19,27219.6
SO000173,2025-05-17,C042,Kolkata WH,Delivered,2025-05-22,2025-05-17,2025-05-20,2025-05-17,2025-06-16,55489.2
SO000174,2025-05-19,C017,Guwahati WH,Delivered,2025-05-25,2025-05-20,2025-05-22,2025-05-20,2025-07-19,263304.0
SO000175,2025-05-19,C029,Kolkata WH,Delivered,2025-05-22,2025-05-19,2025-05-21,2025-05-19,2025-05-19,11619.0
SO000176,2025-05-19,C032,Kolkata WH,Delivered,2025-05-24,2025-05-20,2025-05-24,2025-05-20,2025-05-20,25003.2
SO000177,2025-05-19,C034,Guwahati WH,Delivered,2025-05-25,2025-05-19,2025-05-23,2025-05-19,2025-06-18,80494.2
SO000178,2025-05-19,C049,Kolkata WH,Delivered,2025-05-22,2025-05-19,2025-05-20,2025-05-19,2025-06-03,26107.2
SO000179,2025-05-19,C053,Siliguri WH,Delivered,2025-05-23,2025-05-19,2025-05-22,2025-05-19,2025-06-18,26695.2
SO000180,2025-05-20,C008,Kolkata WH,Delivered,2025-05-23,2025-05-21,2025-05-22,2025-05-21,2025-06-20,11523.6
SO000181,2025-05-20,C015,Kolkata WH,Delivered,2025-05-23,2025-05-20,2025-05-21,2025-05-20,2025-05-20,9517.2
SO000182,2025-05-20,C031,Guwahati WH,Delivered,2025-05-26,2025-05-21,2025-05-24,2025-05-21,2025-06-05,60465.6
SO000183,2025-05-20,C041,Guwahati WH,Delivered,2025-05-26,2025-05-21,2025-05-23,2025-05-21,2025-07-05,361543.8
SO000184,2025-05-20,C044,Guwahati WH,Delivered,2025-05-26,2025-05-20,2025-05-24,2025-05-20,2025-05-20,14194.8
SO000185,2025-05-20,C046,Siliguri WH,Delivered,2025-05-24,2025-05-22,2025-05-24,2025-05-22,2025-07-21,149112.6
SO000186,2025-05-20,C059,Kolkata WH,Delivered,2025-05-23,2025-06-26,2025-06-27,2025-06-26,2025-08-10,71069.4
SO000187,2025-05-21,C003,Guwahati WH,Delivered,2025-05-27,2025-08-13,2025-08-20,2025-08-13,2025-09-27,96493.8
SO000188,2025-05-21,C012,Kolkata WH,Delivered,2025-05-26,2025-05-22,2025-05-25,2025-05-22,2025-06-21,19954.8
SO000189,2025-05-21,C022,Kolkata WH,Delivered,2025-05-26,2025-05-21,2025-05-25,2025-05-21,2025-06-20,11784.6
SO000190,2025-05-21,C031,Guwahati WH,Delivered,2025-05-27,2025-05-22,2025-05-26,2025-05-22,2025-06-06,47667.6
SO000191,2025-05-21,C041,Guwahati WH,Delivered,2025-05-27,2025-05-22,2025-05-26,2025-05-22,2025-07-06,194625.6
SO000192,2025-05-21,C047,Kolkata WH,Delivered,2025-05-26,2025-05-22,2025-05-24,2025-05-22,2025-05-22,16808.4
SO000193,2025-05-21,C055,Kolkata WH,Delivered,2025-05-24,2025-05-23,2025-05-24,2025-05-23,2025-05-23,30036.0
SO000194,2025-05-22,C020,Siliguri WH,Delivered,2025-05-26,2025-05-23,2025-05-26,2025-05-23,2025-06-07,9695.4
SO000195,2025-05-22,C025,Guwahati WH,Delivered,2025-05-28,2025-05-23,2025-05-28,2025-05-23,2025-06-22,8416.8
SO000196,2025-05-22,C046,Siliguri WH,Delivered,2025-05-26,2025-05-23,2025-05-26,2025-05-23,2025-07-22,195882.0
SO000197,2025-05-22,C052,Guwahati WH,Delivered,2025-05-28,2025-05-22,2025-05-27,2025-05-22,2025-07-06,27266.4
SO000198,2025-05-23,C012,Kolkata WH,Delivered,2025-05-28,2025-05-23,2025-05-27,2025-05-23,2025-06-22,26301.6
SO000199,2025-05-23,C021,Kolkata WH,Delivered,2025-05-28,2025-05-24,2025-05-28,2025-05-24,2025-06-23,86477.4
SO000200,2025-05-23,C023,Guwahati WH,Delivered,2025-05-29,2025-05-24,2025-05-26,2025-05-24,2025-06-23,8114.4
SO000201,2025-05-24,C006,Kolkata WH,Delivered,2025-05-27,2025-05-24,2025-05-25,2025-05-24,2025-07-08,154273.2
SO000202,2025-05-24,C031,Guwahati WH,Delivered,2025-05-30,2025-05-26,2025-05-29,2025-05-26,2025-06-10,16920.0
SO000203,2025-05-24,C032,Kolkata WH,Delivered,2025-05-29,2025-05-26,2025-05-30,2025-05-26,2025-05-26,21117.6
SO000204,2025-05-24,C037,Guwahati WH,Delivered,2025-05-30,2025-05-24,2025-05-27,2025-05-24,2025-06-23,70056.0
SO000205,2025-05-26,C003,Guwahati WH,Delivered,2025-06-01,2025-05-27,2025-05-30,2025-05-27,2025-07-11,490377.6
SO000206,2025-05-26,C049,Kolkata WH,Delivered,2025-05-29,2025-05-26,2025-05-27,2025-05-26,2025-06-10,21592.2
SO000207,2025-05-26,C051,Kolkata WH,Delivered,2025-05-29,2025-08-14,2025-08-16,2025-08-14,2025-08-14,31749.6
SO000208,2025-05-26,C058,Kolkata WH,Delivered,2025-05-29,2025-05-26,2025-05-27,2025-05-26,2025-07-10,76010.4
SO000209,2025-05-27,C004,Guwahati WH,Delivered,2025-06-02,2025-05-28,2025-06-01,2025-05-28,2025-06-12,38258.4
SO000210,2025-05-27,C014,Guwahati WH,Delivered,2025-06-02,2025-05-27,2025-05-31,2025-05-27,2025-07-11,267388.2
SO000211,2025-05-27,C016,Guwahati WH,Delivered,2025-06-02,2025-05-27,2025-05-30,2025-05-27,2025-05-27,10126.8
SO000212,2025-05-27,C025,Guwahati WH,Delivered,2025-06-02,2025-05-27,2025-05-31,2025-05-27,2025-06-26,7509.6
SO000213,2025-05-27,C034,Guwahati WH,Delivered,2025-06-02,2025-05-28,2025-05-30,2025-05-28,2025-06-27,97052.4
SO000214,2025-05-27,C047,Kolkata WH,Delivered,2025-06-01,2025-05-27,2025-05-31,2025-05-27,2025-05-27,15498.0
SO000215,2025-05-27,C048,Guwahati WH,Delivered,2025-06-02,2025-05-27,2025-05-30,2025-05-27,2025-06-26,58352.4
SO000216,2025-05-27,C059,Kolkata WH,Delivered,2025-05-30,2025-05-27,2025-05-28,2025-05-27,2025-07-11,94402.8
SO000217,2025-05-28,C021,Kolkata WH,Delivered,2025-06-02,2025-05-28,2025-06-01,2025-05-28,2025-06-27,46033.2
SO000218,2025-05-28,C024,Guwahati WH,Delivered,2025-06-03,2025-05-29,2025-06-01,2025-05-29,2025-07-13,262576.8
SO000219,2025-05-28,C027,Kolkata WH,Delivered,2025-05-31,2025-05-29,2025-05-31,2025-05-29,2025-05-29,35545.2
SO000220,2025-05-28,C031,Guwahati WH,Delivered,2025-06-03,2025-05-29,2025-06-02,2025-05-29,2025-06-13,8613.6
SO000221,2025-05-28,C041,Guwahati WH,Delivered,2025-06-03,2025-08-13,2025-08-15,2025-08-13,2025-09-27,371281.8
SO000222,2025-05-28,C048,Guwahati WH,Delivered,2025-06-03,2025-05-29,2025-05-31,2025-05-29,2025-06-28,84958.2
SO000223,2025-05-28,C049,Kolkata WH,Delivered,2025-05-31,2025-05-29,2025-05-30,2025-05-29,2025-06-13,30234.6
SO000224,2025-05-29,C007,Siliguri WH,Delivered,2025-06-02,2025-05-29,2025-06-01,2025-05-29,2025-07-13,45270.0
SO000225,2025-05-29,C011,Guwahati WH,Delivered,2025-06-04,2025-05-30,2025-06-02,2025-05-30,2025-05-30,9354.0
SO000226,2025-05-29,C016,Guwahati WH,Delivered,2025-06-04,2025-05-29,2025-06-01,2025-05-29,2025-05-29,8280.0
SO000227,2025-05-29,C021,Kolkata WH,Delivered,2025-06-03,2025-05-29,2025-06-01,2025-05-29,2025-06-28,27681.0
SO000228,2025-05-29,C029,Kolkata WH,Delivered,2025-06-01,2025-06-25,2025-06-27,2025-06-25,2025-06-25,24613.2
SO000229,2025-05-29,C037,Guwahati WH,Delivered,2025-06-04,2025-05-30,2025-06-02,2025-05-30,2025-06-29,56689.2
SO000230,2025-05-29,C048,Guwahati WH,Delivered,2025-06-04,2025-05-30,2025-06-02,2025-05-30,2025-06-29,60966.0
SO000231,2025-05-30,C016,Guwahati WH,Delivered,2025-06-05,2025-05-31,2025-06-04,2025-05-31,2025-05-31,9738.6
SO000232,2025-05-30,C028,Guwahati WH,Delivered,2025-06-05,2025-05-31,2025-06-05,2025-05-31,2025-05-31,25376.4
SO000233,2025-05-30,C031,Guwahati WH,Delivered,2025-06-05,2025-05-30,2025-06-04,2025-05-30,2025-06-14,87652.8
SO000234,2025-05-30,C041,Guwahati WH,Delivered,2025-06-05,2025-08-26,2025-08-30,2025-08-26,2025-10-10,380608.8
SO000235,2025-05-31,C031,Guwahati WH,Delivered,2025-06-06,2025-08-14,2025-08-16,2025-08-14,2025-08-29,13502.4
SO000236,2025-05-31,C033,Siliguri WH,Delivered,2025-06-04,2025-05-31,2025-06-01,2025-05-31,2025-06-30,21779.4
SO000237,2025-05-31,C038,Guwahati WH,Delivered,2025-06-06,2025-06-02,2025-06-07,2025-06-02,2025-07-02,63268.2
SO000238,2025-05-31,C041,Guwahati WH,Delivered,2025-06-06,2025-05-31,2025-06-02,2025-05-31,2025-07-15,242616.0
SO000239,2025-05-31,C046,Siliguri WH,Cancelled,2025-06-04,,,,,0.0
SO000240,2025-05-31,C049,Kolkata WH,Delivered,2025-06-03,2025-06-02,2025-06-04,2025-06-02,2025-06-17,17710.2
SO000241,2025-05-31,C055,Kolkata WH,Delivered,2025-06-03,2025-05-31,2025-06-01,2025-05-31,2025-05-31,17301.0
SO000242,2025-06-02,C010,Guwahati WH,Delivered,2025-06-08,2025-08-13,2025-08-18,2025-08-13,2025-09-12,63820.8
SO000243,2025-06-02,C012,Kolkata WH,Delivered,2025-06-07,2025-06-03,2025-06-07,2025-06-03,2025-07-03,98349.6
SO000244,2025-06-02,C013,Kolkata WH,Cancelled,2025-06-05,,,,,0.0
SO000245,2025-06-02,C016,Guwahati WH,Delivered,2025-06-08,2025-06-03,2025-06-07,2025-06-03,2025-06-03,36446.4
SO000246,2025-06-02,C046,Siliguri WH,Delivered,2025-06-06,2025-07-31,2025-08-02,2025-07-31,2025-09-29,305854.8
SO000247,2025-06-02,C055,Kolkata WH,Delivered,2025-06-05,2025-07-10,2025-07-12,2025-07-10,2025-07-10,20109.6
SO000248,2025-06-03,C035,Kolkata WH,Delivered,2025-06-06,2025-06-03,2025-06-04,2025-06-03,2025-06-18,13729.2
SO000249,2025-06-03,C041,Guwahati WH,Delivered,2025-06-09,2025-06-04,2025-06-10,2025-06-04,2025-07-19,334760.4
SO000250,2025-06-04,C013,Kolkata WH,Cancelled,2025-06-07,,,,,0.0
SO000251,2025-06-04,C030,Guwahati WH,Delivered,2025-06-10,2025-06-05,2025-06-07,2025-06-05,2025-07-20,14782.8
SO000252,2025-06-04,C033,Siliguri WH,Delivered,2025-06-08,2025-06-04,2025-06-07,2025-06-04,2025-07-04,33516.0
SO000253,2025-06-04,C041,Guwahati WH,Delivered,2025-06-10,2025-06-06,2025-06-09,2025-06-06,2025-07-21,131899.8
SO000254,2025-06-04,C044,Guwahati WH,Delivered,2025-06-10,2025-06-05,2025-06-07,2025-06-05,2025-06-05,16300.8
SO000255,2025-06-05,C003,Guwahati WH,Delivered,2025-06-11,2025-06-06,2025-06-08,2025-06-06,2025-07-21,125162.4
SO000256,2025-06-05,C005,Kolkata WH,Delivered,2025-06-10,2025-06-05,2025-06-07,2025-06-05,2025-06-05,17374.2
SO000257,2025-06-05,C006,Kolkata WH,Delivered,2025-06-08,2025-07-11,2025-07-13,2025-07-11,2025-08-25,130701.6
SO000258,2025-06-05,C011,Guwahati WH,Delivered,2025-06-11,2025-06-25,2025-06-27,2025-06-25,2025-06-25,10231.2
SO000259,2025-06-05,C041,Guwahati WH,Cancelled,2025-06-11,,,,,0.0
SO000260,2025-06-05,C042,Kolkata WH,Delivered,2025-06-10,2025-06-06,2025-06-08,2025-06-06,2025-07-06,65047.8
SO000261,2025-06-05,C046,Siliguri WH,Cancelled,2025-06-09,,,,,0.0
SO000262,2025-06-06,C008,Kolkata WH,Delivered,2025-06-09,2025-06-06,2025-06-07,2025-06-06,2025-07-06,35152.8
SO000263,2025-06-06,C017,Guwahati WH,Cancelled,2025-06-12,,,,,0.0
SO000264,2025-06-06,C024,Guwahati WH,Delivered,2025-06-12,2025-07-31,2025-08-04,2025-07-31,2025-09-14,40339.8
SO000265,2025-06-06,C049,Kolkata WH,Delivered,2025-06-09,2025-06-06,2025-06-07,2025-06-06,2025-06-21,43677.0
SO000266,2025-06-07,C006,Kolkata WH,Delivered,2025-06-10,2025-06-09,2025-06-10,2025-06-09,2025-07-24,47192.4
SO000267,2025-06-07,C010,Guwahati WH,Delivered,2025-06-13,2025-06-09,2025-06-13,2025-06-09,2025-07-09,86332.8
SO000268,2025-06-07,C024,Guwahati WH,Delivered,2025-06-13,2025-06-09,2025-06-18,2025-06-09,2025-07-24,61712.4
SO000269,2025-06-07,C028,Guwahati WH,Delivered,2025-06-13,2025-06-09,2025-06-14,2025-06-09,2025-06-09,23356.8
SO000270,2025-06-07,C033,Siliguri WH,Delivered,2025-06-11,2025-06-09,2025-06-11,2025-06-09,2025-07-09,13882.8
SO000271,2025-06-07,C034,Guwahati WH,Delivered,2025-06-13,2025-06-07,2025-06-10,2025-06-07,2025-07-07,33384.0
SO000272,2025-06-07,C037,Guwahati WH,Delivered,2025-06-13,2025-06-09,2025-06-11,2025-06-09,2025-07-09,30175.2
SO000273,2025-06-07,C038,Guwahati WH,Delivered,2025-06-13,2025-06-09,2025-06-13,2025-06-09,2025-07-09,29384.4
SO000274,2025-06-07,C042,Kolkata WH,Delivered,2025-06-12,2025-06-09,2025-06-12,2025-06-09,2025-07-09,89701.8
SO000275,2025-06-07,C048,Guwahati WH,Delivered,2025-06-13,2025-06-09,2025-06-18,2025-06-09,2025-07-09,28816.8
SO000276,2025-06-07,C050,Guwahati WH,Delivered,2025-06-13,2025-07-10,2025-07-17,2025-07-10,2025-07-10,16714.8
SO000277,2025-06-07,C056,Siliguri WH,Delivered,2025-06-11,2025-06-07,2025-06-08,2025-06-07,2025-06-07,10538.4
SO000278,2025-06-09,C004,Guwahati WH,Delivered,2025-06-15,2025-06-10,2025-06-18,2025-06-10,2025-06-25,26707.2
SO000279,2025-06-09,C013,Kolkata WH,Delivered,2025-06-12,2025-07-08,2025-07-10,2025-07-08,2025-08-22,172206.0
SO000280,2025-06-09,C030,Guwahati WH,Delivered,2025-06-15,2025-06-09,2025-06-18,2025-06-09,2025-07-24,58892.4
SO000281,2025-06-10,C006,Kolkata WH,Delivered,2025-06-13,2025-06-12,2025-06-13,2025-06-12,2025-07-27,76246.8
SO000282,2025-06-10,C008,Kolkata WH,Delivered,2025-06-13,2025-06-10,2025-06-12,2025-06-10,2025-07-10,24343.2
SO000283,2025-06-10,C024,Guwahati WH,Delivered,2025-06-16,2025-06-10,2025-06-13,2025-06-10,2025-07-25,82202.4
SO000284,2025-06-10,C037,Guwahati WH,Delivered,2025-06-16,2025-06-11,2025-06-13,2025-06-11,2025-07-11,21303.6
SO000285,2025-06-10,C041,Guwahati WH,Delivered,2025-06-16,2025-06-12,2025-06-14,2025-06-12,2025-07-27,125348.4
SO000286,2025-06-10,C059,Kolkata WH,Delivered,2025-06-13,2025-07-31,2025-08-01,2025-07-31,2025-09-14,45472.8
SO000287,2025-06-11,C014,Guwahati WH,Delivered,2025-06-17,2025-06-12,2025-06-15,2025-06-12,2025-07-27,194655.6
SO000288,2025-06-11,C020,Siliguri WH,Delivered,2025-06-15,2025-06-12,2025-06-14,2025-06-12,2025-06-27,2469.6
SO000289,2025-06-11,C029,Kolkata WH,Delivered,2025-06-14,2025-06-11,2025-06-13,2025-06-11,2025-06-11,22435.8
SO000290,2025-06-11,C041,Guwahati WH,Delivered,2025-06-17,2025-07-10,2025-07-14,2025-07-10,2025-08-24,406130.4
SO000291,2025-06-11,C049,Kolkata WH,Delivered,2025-06-14,2025-06-12,2025-06-13,2025-06-12,2025-06-27,13310.4
SO000292,2025-06-12,C003,Guwahati WH,Delivered,2025-06-18,2025-07-31,2025-08-04,2025-07-31,2025-09-14,267316.8
SO000293,2025-06-12,C015,Kolkata WH,Delivered,2025-06-15,2025-07-31,2025-08-01,2025-07-31,2025-07-31,21114.0
SO000294,2025-06-12,C017,Guwahati WH,Delivered,2025-06-18,2025-07-30,2025-08-01,2025-07-30,2025-09-28,143405.4
SO000295,2025-06-13,C006,Kolkata WH,Delivered,2025-06-16,2025-06-14,2025-06-16,2025-06-14,2025-07-29,14688.0
SO000296,2025-06-13,C010,Guwahati WH,Delivered,2025-06-19,2025-07-30,2025-08-02,2025-07-30,2025-08-29,64116.0
SO000297,2025-06-13,C014,Guwahati WH,Delivered,2025-06-19,2025-06-16,2025-06-24,2025-06-16,2025-07-31,194769.0
SO000298,2025-06-13,C020,Siliguri WH,Delivered,2025-06-17,2025-06-14,2025-06-16,2025-06-14,2025-06-29,8114.4
SO000299,2025-06-13,C023,Guwahati WH,Delivered,2025-06-19,2025-06-13,2025-06-16,2025-06-13,2025-07-13,5174.4
SO000300,2025-06-13,C046,Siliguri WH,Delivered,2025-06-17,2025-07-08,2025-07-09,2025-07-08,2025-09-06,587686.2
SO000301,2025-06-13,C049,Kolkata WH,Cancelled,2025-06-16,,,,,0.0
SO000302,2025-06-13,C052,Guwahati WH,Cancelled,2025-06-19,,,,,0.0
SO000303,2025-06-14,C001,Guwahati WH,Delivered,2025-06-20,2025-06-16,2025-06-19,2025-06-16,2025-06-16,4573.8
SO000304,2025-06-14,C003,Guwahati WH,Delivered,2025-06-20,2025-06-16,2025-06-20,2025-06-16,2025-07-31,340372.8
SO000305,2025-06-14,C006,Kolkata WH,Delivered,2025-06-17,2025-06-14,2025-06-16,2025-06-14,2025-07-29,67658.4
SO000306,2025-06-14,C024,Guwahati WH,Delivered,2025-06-20,2025-07-10,2025-07-19,2025-07-10,2025-08-24,109441.8
SO000307,2025-06-14,C030,Guwahati WH,Delivered,2025-06-20,2025-07-30,2025-08-07,2025-07-30,2025-09-13,25747.2
SO000308,2025-06-14,C041,Guwahati WH,Delivered,2025-06-20,2025-06-17,2025-06-25,2025-06-17,2025-08-01,303361.2
SO000309,2025-06-14,C049,Kolkata WH,Delivered,2025-06-17,2025-06-26,2025-06-28,2025-06-26,2025-07-11,38010.6
SO000310,2025-06-14,C059,Kolkata WH,Delivered,2025-06-17,2025-07-30,2025-08-01,2025-07-30,2025-09-13,86176.8
SO000311,2025-06-16,C003,Guwahati WH,Delivered,2025-06-22,2025-06-19,2025-06-24,2025-06-19,2025-08-03,252463.2
SO000312,2025-06-16,C013,Kolkata WH,Delivered,2025-06-19,2025-06-16,2025-06-17,2025-06-16,2025-07-31,38804.4
SO000313,2025-06-16,C017,Guwahati WH,Delivered,2025-06-22,2025-07-31,2025-08-02,2025-07-31,2025-09-29,201643.2
SO000314,2025-06-16,C021,Kolkata WH,Delivered,2025-06-21,2025-06-17,2025-06-21,2025-06-17,2025-07-17,81805.2
SO000315,2025-06-16,C022,Kolkata WH,Delivered,2025-06-21,2025-06-17,2025-06-20,2025-06-17,2025-07-17,12230.4
SO000316,2025-06-16,C028,Guwahati WH,Delivered,2025-06-22,2025-07-08,2025-07-11,2025-07-08,2025-07-08,28577.4
SO000317,2025-06-16,C035,Kolkata WH,Delivered,2025-06-19,2025-06-18,2025-06-19,2025-06-18,2025-07-03,28860.6
SO000318,2025-06-16,C041,Guwahati WH,Delivered,2025-06-22,2025-06-16,2025-06-21,2025-06-16,2025-07-31,319152.0
SO000319,2025-06-16,C047,Kolkata WH,Delivered,2025-06-21,2025-07-07,2025-07-10,2025-07-07,2025-07-07,23656.8
SO000320,2025-06-17,C006,Kolkata WH,Delivered,2025-06-20,2025-06-18,2025-06-19,2025-06-18,2025-08-02,41184.0
SO000321,2025-06-17,C014,Guwahati WH,Delivered,2025-06-23,2025-06-26,2025-06-28,2025-06-26,2025-08-10,176405.4
SO000322,2025-06-17,C034,Guwahati WH,Cancelled,2025-06-23,,,,,0.0
SO000323,2025-06-17,C038,Guwahati WH,Delivered,2025-06-23,2025-07-07,2025-07-12,2025-07-07,2025-08-06,27528.0
SO000324,2025-06-17,C049,Kolkata WH,Delivered,2025-06-20,2025-06-17,2025-06-19,2025-06-17,2025-07-02,21482.4
SO000325,2025-06-17,C050,Guwahati WH,Delivered,2025-06-23,2025-06-18,2025-06-27,2025-06-18,2025-06-18,13230.0
SO000326,2025-06-17,C055,Kolkata WH,Delivered,2025-06-20,2025-06-19,2025-06-20,2025-06-19,2025-06-19,29400.0
SO000327,2025-06-18,C004,Guwahati WH,Delivered,2025-06-24,2025-07-07,2025-07-14,2025-07-07,2025-07-22,10320.0
SO000328,2025-06-18,C010,Guwahati WH,Delivered,2025-06-24,2025-08-26,2025-08-28,2025-08-26,2025-09-25,66082.8
SO000329,2025-06-18,C033,Siliguri WH,Delivered,2025-06-22,2025-07-08,2025-07-10,2025-07-08,2025-08-07,15064.2
SO000330,2025-06-18,C034,Guwahati WH,Delivered,2025-06-24,2025-06-18,2025-06-24,2025-06-18,2025-07-18,31077.6
SO000331,2025-06-18,C049,Kolkata WH,Delivered,2025-06-21,2025-07-30,2025-08-01,2025-07-30,2025-08-14,25947.0
SO000332,2025-06-18,C057,Guwahati WH,Delivered,2025-06-24,2025-07-31,2025-08-04,2025-07-31,2025-08-30,67569.6
SO000333,2025-06-19,C001,Guwahati WH,Delivered,2025-06-25,2025-06-21,2025-06-26,2025-06-21,2025-06-21,8702.4
SO000334,2025-06-19,C006,Kolkata WH,Delivered,2025-06-22,2025-06-21,2025-06-23,2025-06-21,2025-08-05,73179.6
SO000335,2025-06-19,C033,Siliguri WH,Delivered,2025-06-23,2025-06-19,2025-06-20,2025-06-19,2025-07-19,12254.4
SO000336,2025-06-19,C037,Guwahati WH,Delivered,2025-06-25,2025-06-20,2025-06-25,2025-06-20,2025-07-20,2587.2
SO000337,2025-06-19,C040,Kolkata WH,Delivered,2025-06-24,2025-06-19,2025-06-21,2025-06-19,2025-07-04,2613.6
SO000338,2025-06-19,C041,Guwahati WH,Delivered,2025-06-25,2025-06-20,2025-06-25,2025-06-20,2025-08-04,134154.0
SO000339,2025-06-19,C046,Siliguri WH,Delivered,2025-06-23,2025-08-25,2025-08-28,2025-08-25,2025-10-24,157639.2
SO000340,2025-06-19,C051,Kolkata WH,Delivered,2025-06-22,2025-06-20,2025-06-22,2025-06-20,2025-06-20,6877.2
SO000341,2025-06-19,C053,Siliguri WH,Delivered,2025-06-23,2025-06-20,2025-06-21,2025-06-20,2025-07-20,10080.0
SO000342,2025-06-19,C060,Kolkata WH,Delivered,2025-06-22,2025-06-19,2025-06-21,2025-06-19,2025-07-19,4888.8
SO000343,2025-06-20,C005,Kolkata WH,Delivered,2025-06-25,2025-06-21,2025-06-23,2025-06-21,2025-06-21,10188.0
SO000344,2025-06-20,C047,Kolkata WH,Delivered,2025-06-25,2025-07-29,2025-07-31,2025-07-29,2025-07-29,8850.6
SO000345,2025-06-20,C054,Kolkata WH,Delivered,2025-06-23,2025-06-23,2025-06-24,2025-06-23,2025-07-23,8280.0
SO000346,2025-06-20,C058,Kolkata WH,Delivered,2025-06-23,2025-07-30,2025-08-01,2025-07-30,2025-09-13,67707.6
SO000347,2025-06-21,C012,Kolkata WH,Delivered,2025-06-26,2025-07-31,2025-08-03,2025-07-31,2025-08-30,19463.4
SO000348,2025-06-21,C030,Guwahati WH,Delivered,2025-06-27,2025-06-26,2025-06-30,2025-06-26,2025-08-10,55101.6
SO000349,2025-06-21,C034,Guwahati WH,Delivered,2025-06-27,2025-06-23,2025-06-28,2025-06-23,2025-07-23,31670.4
SO000350,2025-06-21,C041,Guwahati WH,Cancelled,2025-06-27,,,,,0.0
SO000351,2025-06-21,C053,Siliguri WH,Delivered,2025-06-25,2025-06-23,2025-06-26,2025-06-23,2025-07-23,3645.6
SO000352,2025-06-21,C059,Kolkata WH,Delivered,2025-06-24,2025-06-23,2025-06-24,2025-06-23,2025-08-07,47858.4
SO000353,2025-06-23,C009,Guwahati WH,Delivered,2025-06-29,2025-06-24,2025-06-29,2025-06-24,2025-06-24,15612.6
SO000354,2025-06-23,C023,Guwahati WH,Delivered,2025-06-29,2025-06-24,2025-06-26,2025-06-24,2025-07-24,3586.8
SO000355,2025-06-23,C025,Guwahati WH,Delivered,2025-06-29,2025-06-24,2025-06-30,2025-06-24,2025-07-24,8197.2
SO000356,2025-06-23,C035,Kolkata WH,Delivered,2025-06-26,2025-07-30,2025-08-01,2025-07-30,2025-08-14,6597.6
SO000357,2025-06-23,C038,Guwahati WH,Cancelled,2025-06-29,,,,,0.0
SO000358,2025-06-23,C056,Siliguri WH,Delivered,2025-06-27,2025-07-30,2025-08-01,2025-07-30,2025-07-30,6024.0
SO000359,2025-06-23,C059,Kolkata WH,Delivered,2025-06-26,2025-07-07,2025-07-09,2025-07-07,2025-08-21,47667.6
SO000360,2025-06-24,C007,Siliguri WH,Delivered,2025-06-28,2025-06-25,2025-06-26,2025-06-25,2025-08-09,39672.0
SO000361,2025-06-24,C012,Kolkata WH,Delivered,2025-06-29,2025-07-31,2025-08-02,2025-07-31,2025-08-30,48906.0
SO000362,2025-06-24,C052,Guwahati WH,Delivered,2025-06-30,2025-06-25,2025-06-28,2025-06-25,2025-08-09,46627.2
SO000363,2025-06-25,C003,Guwahati WH,Delivered,2025-07-01,2025-06-28,2025-07-06,2025-06-28,2025-08-12,267470.4
SO000364,2025-06-25,C013,Kolkata WH,Delivered,2025-06-28,2025-07-31,2025-08-02,2025-07-31,2025-09-14,74436.0
SO000365,2025-06-25,C022,Kolkata WH,Delivered,2025-06-30,2025-07-30,2025-08-01,2025-07-30,2025-08-29,48825.6
SO000366,2025-06-25,C030,Guwahati WH,Delivered,2025-07-01,2025-06-27,2025-07-06,2025-06-27,2025-08-11,34367.4
SO000367,2025-06-26,C003,Guwahati WH,Delivered,2025-07-02,2025-06-26,2025-07-04,2025-06-26,2025-08-10,191227.2
SO000368,2025-06-26,C007,Siliguri WH,Delivered,2025-06-30,2025-06-27,2025-06-30,2025-06-27,2025-08-11,34754.4
SO000369,2025-06-26,C012,Kolkata WH,Delivered,2025-07-01,2025-06-26,2025-06-28,2025-06-26,2025-07-26,35910.0
SO000370,2025-06-26,C022,Kolkata WH,Delivered,2025-07-01,2025-06-26,2025-06-30,2025-06-26,2025-07-26,20493.0
SO000371,2025-06-26,C031,Guwahati WH,Delivered,2025-07-02,2025-06-27,2025-07-02,2025-06-27,2025-07-12,40447.2
SO000372,2025-06-26,C032,Kolkata WH,Delivered,2025-07-01,2025-06-27,2025-06-30,2025-06-27,2025-06-27,12378.6
SO000373,2025-06-26,C042,Kolkata WH,Delivered,2025-07-01,2025-06-26,2025-06-30,2025-06-26,2025-07-26,13184.4
SO000374,2025-06-27,C007,Siliguri WH,Delivered,2025-07-01,2025-07-29,2025-07-30,2025-07-29,2025-09-12,29676.0
SO000375,2025-06-27,C017,Guwahati WH,Delivered,2025-07-03,2025-06-27,2025-06-29,2025-06-27,2025-08-26,225993.6
SO000376,2025-06-27,C027,Kolkata WH,Cancelled,2025-06-30,,,,,0.0
SO000377,2025-06-27,C035,Kolkata WH,Delivered,2025-06-30,2025-06-28,2025-06-30,2025-06-28,2025-07-13,13477.2
SO000378,2025-06-27,C042,Kolkata WH,Delivered,2025-07-02,2025-06-30,2025-07-02,2025-06-30,2025-07-30,50504.4
SO000379,2025-06-28,C010,Guwahati WH,Delivered,2025-07-04,2025-07-07,2025-07-11,2025-07-07,2025-08-06,74419.2
SO000380,2025-06-28,C013,Kolkata WH,Delivered,2025-07-01,2025-07-30,2025-08-01,2025-07-30,2025-09-13,123354.0
SO000381,2025-06-30,C009,Guwahati WH,Delivered,2025-07-06,2025-06-30,2025-07-03,2025-06-30,2025-06-30,8114.4
SO000382,2025-06-30,C017,Guwahati WH,Delivered,2025-07-06,2025-07-01,2025-07-04,2025-07-01,2025-08-30,224401.2
SO000383,2025-06-30,C024,Guwahati WH,Delivered,2025-07-06,2025-07-30,2025-08-02,2025-07-30,2025-09-13,114853.8
SO000384,2025-06-30,C030,Guwahati WH,Delivered,2025-07-06,2025-07-01,2025-07-05,2025-07-01,2025-08-15,53213.4
SO000385,2025-06-30,C031,Guwahati WH,Delivered,2025-07-06,2025-07-01,2025-07-06,2025-07-01,2025-07-16,16228.8
SO000386,2025-07-01,C010,Guwahati WH,Delivered,2025-07-07,2025-07-02,2025-07-07,2025-07-02,2025-08-01,61558.8
SO000387,2025-07-01,C030,Guwahati WH,Delivered,2025-07-07,2025-07-02,2025-07-07,2025-07-02,2025-08-16,45711.6
SO000388,2025-07-01,C037,Guwahati WH,Delivered,2025-07-07,2025-07-29,2025-08-04,2025-07-29,2025-08-28,54705.6
SO000389,2025-07-01,C049,Kolkata WH,Delivered,2025-07-04,2025-07-02,2025-07-03,2025-07-02,2025-07-17,14100.0
SO000390,2025-07-02,C011,Guwahati WH,Delivered,2025-07-08,2025-07-29,2025-08-01,2025-07-29,2025-07-29,11435.4
SO000391,2025-07-02,C013,Kolkata WH,Delivered,2025-07-05,2025-07-03,2025-07-04,2025-07-03,2025-08-17,57753.6
SO000392,2025-07-02,C041,Guwahati WH,Delivered,2025-07-08,2025-07-30,2025-08-09,2025-07-30,2025-09-13,205026.0
SO000393,2025-07-02,C048,Guwahati WH,Delivered,2025-07-08,2025-07-29,2025-07-31,2025-07-29,2025-08-28,69163.2
SO000394,2025-07-02,C052,Guwahati WH,Delivered,2025-07-08,2025-07-04,2025-07-06,2025-07-04,2025-08-18,34428.0
SO000395,2025-07-03,C009,Guwahati WH,Delivered,2025-07-09,2025-07-04,2025-07-08,2025-07-04,2025-07-04,8031.6
SO000396,2025-07-03,C010,Guwahati WH,Delivered,2025-07-09,2025-07-29,2025-08-02,2025-07-29,2025-08-28,75327.0
SO000397,2025-07-03,C021,Kolkata WH,Delivered,2025-07-08,2025-07-04,2025-07-06,2025-07-04,2025-08-03,61552.8
SO000398,2025-07-03,C031,Guwahati WH,Delivered,2025-07-09,2025-07-04,2025-07-06,2025-07-04,2025-07-19,45703.2
SO000399,2025-07-03,C036,Kolkata WH,Delivered,2025-07-06,2025-07-08,2025-07-09,2025-07-08,2025-08-22,62971.2
SO000400,2025-07-03,C048,Guwahati WH,Delivered,2025-07-09,2025-07-03,2025-07-08,2025-07-03,2025-08-02,68102.4
SO000401,2025-07-03,C057,Guwahati WH,Delivered,2025-07-09,2025-07-30,2025-08-04,2025-07-30,2025-08-29,49089.6
SO000402,2025-07-04,C002,Guwahati WH,Delivered,2025-07-10,2025-07-04,2025-07-15,2025-07-04,2025-07-19,4015.8
SO000403,2025-07-04,C023,Guwahati WH,Delivered,2025-07-10,2025-07-04,2025-07-14,2025-07-04,2025-08-03,9622.8
SO000404,2025-07-04,C031,Guwahati WH,Delivered,2025-07-10,2025-07-05,2025-07-15,2025-07-05,2025-07-20,66901.2
SO000405,2025-07-04,C047,Kolkata WH,Delivered,2025-07-09,2025-07-30,2025-08-03,2025-07-30,2025-07-30,8548.8
SO000406,2025-07-04,C051,Kolkata WH,Delivered,2025-07-07,2025-07-08,2025-07-09,2025-07-08,2025-07-08,17835.6
SO000407,2025-07-04,C054,Kolkata WH,Delivered,2025-07-07,2025-07-04,2025-07-05,2025-07-04,2025-08-03,19992.0
SO000408,2025-07-05,C046,Siliguri WH,Delivered,2025-07-09,2025-07-05,2025-07-07,2025-07-05,2025-09-03,259881.6
SO000409,2025-07-05,C053,Siliguri WH,Delivered,2025-07-09,2025-07-05,2025-07-08,2025-07-05,2025-08-04,12213.0
SO000410,2025-07-05,C059,Kolkata WH,Delivered,2025-07-08,2025-07-05,2025-07-06,2025-07-05,2025-08-19,27123.6
SO000411,2025-07-07,C022,Kolkata WH,Delivered,2025-07-12,2025-07-07,2025-07-11,2025-07-07,2025-08-06,24840.0
SO000412,2025-07-07,C046,Siliguri WH,Delivered,2025-07-11,2025-07-11,2025-07-14,2025-07-11,2025-09-09,308761.8
SO000413,2025-07-07,C057,Guwahati WH,Delivered,2025-07-13,2025-07-07,2025-07-11,2025-07-07,2025-08-06,36603.6
SO000414,2025-07-08,C030,Guwahati WH,Delivered,2025-07-14,2025-07-09,2025-07-11,2025-07-09,2025-08-23,48790.8
SO000415,2025-07-08,C056,Siliguri WH,Delivered,2025-07-12,2025-07-08,2025-07-11,2025-07-08,2025-07-08,29887.2
SO000416,2025-07-09,C010,Guwahati WH,Delivered,2025-07-15,2025-07-31,2025-08-10,2025-07-31,2025-08-30,100375.2
SO000417,2025-07-09,C020,Siliguri WH,Delivered,2025-07-13,2025-07-09,2025-07-12,2025-07-09,2025-07-24,3375.6
SO000418,2025-07-09,C021,Kolkata WH,Delivered,2025-07-14,2025-07-30,2025-08-02,2025-07-30,2025-08-29,36603.0
SO000419,2025-07-09,C023,Guwahati WH,Delivered,2025-07-15,2025-07-10,2025-07-20,2025-07-10,2025-08-09,8702.4
SO000420,2025-07-09,C028,Guwahati WH,Delivered,2025-07-15,2025-07-09,2025-07-14,2025-07-09,2025-07-09,36636.0
SO000421,2025-07-09,C049,Kolkata WH,Delivered,2025-07-12,2025-07-09,2025-07-11,2025-07-09,2025-07-24,24591.6
SO000422,2025-07-10,C021,Kolkata WH,Delivered,2025-07-15,2025-07-30,2025-08-02,2025-07-30,2025-08-29,68445.0
SO000423,2025-07-10,C037,Guwahati WH,Delivered,2025-07-16,2025-07-10,2025-07-14,2025-07-10,2025-08-09,16063.2
SO000424,2025-07-10,C053,Siliguri WH,Delivered,2025-07-14,2025-07-11,2025-07-13,2025-07-11,2025-08-10,7173.6
SO000425,2025-07-10,C059,Kolkata WH,Delivered,2025-07-13,2025-07-11,2025-07-13,2025-07-11,2025-08-25,48595.2
SO000426,2025-07-11,C005,Kolkata WH,Delivered,2025-07-16,2025-07-11,2025-07-13,2025-07-11,2025-07-11,9375.6
SO000427,2025-07-11,C024,Guwahati WH,Delivered,2025-07-17,2025-07-14,2025-07-17,2025-07-14,2025-08-28,134076.6
SO000428,2025-07-11,C041,Guwahati WH,Delivered,2025-07-17,2025-07-12,2025-07-14,2025-07-12,2025-08-26,241686.0
SO000429,2025-07-11,C042,Kolkata WH,Delivered,2025-07-16,2025-07-12,2025-07-14,2025-07-12,2025-08-11,9988.8
SO000430,2025-07-11,C059,Kolkata WH,Delivered,2025-07-14,2025-07-12,2025-07-14,2025-07-12,2025-08-26,77498.4
SO000431,2025-07-12,C004,Guwahati WH,Delivered,2025-07-18,2025-07-12,2025-07-17,2025-07-12,2025-07-27,17460.0
SO000432,2025-07-12,C021,Kolkata WH,Delivered,2025-07-17,2025-07-12,2025-07-14,2025-07-12,2025-08-11,98164.8
SO000433,2025-07-12,C024,Guwahati WH,Delivered,2025-07-18,2025-07-31,2025-08-06,2025-07-31,2025-09-14,106344.0
SO000434,2025-07-12,C049,Kolkata WH,Delivered,2025-07-15,2025-07-14,2025-07-15,2025-07-14,2025-07-29,8031.6
SO000435,2025-07-14,C005,Kolkata WH,Delivered,2025-07-19,2025-07-14,2025-07-18,2025-07-14,2025-07-14,12046.8
SO000436,2025-07-14,C009,Guwahati WH,Delivered,2025-07-20,2025-07-31,2025-08-04,2025-07-31,2025-07-31,6652.8
SO000437,2025-07-14,C010,Guwahati WH,Delivered,2025-07-20,2025-07-14,2025-07-16,2025-07-14,2025-08-13,186620.4
SO000438,2025-07-14,C014,Guwahati WH,Delivered,2025-07-20,2025-07-31,2025-08-02,2025-07-31,2025-09-14,194418.0
SO000439,2025-07-14,C023,Guwahati WH,Delivered,2025-07-20,2025-07-15,2025-07-17,2025-07-15,2025-08-14,8114.4
SO000440,2025-07-14,C031,Guwahati WH,Delivered,2025-07-20,2025-07-15,2025-07-19,2025-07-15,2025-07-30,37593.6
SO000441,2025-07-14,C044,Guwahati WH,Delivered,2025-07-20,2025-07-15,2025-07-18,2025-07-15,2025-07-15,17943.0
SO000442,2025-07-14,C059,Kolkata WH,Delivered,2025-07-17,2025-07-14,2025-07-16,2025-07-14,2025-08-28,174552.6
SO000443,2025-07-15,C017,Guwahati WH,Delivered,2025-07-21,2025-07-29,2025-08-01,2025-07-29,2025-09-27,255736.8
SO000444,2025-07-15,C022,Kolkata WH,Delivered,2025-07-20,2025-07-15,2025-07-18,2025-07-15,2025-08-14,10560.0
SO000445,2025-07-15,C031,Guwahati WH,Delivered,2025-07-21,2025-07-16,2025-07-22,2025-07-16,2025-07-31,20884.8
SO000446,2025-07-15,C033,Siliguri WH,Delivered,2025-07-19,2025-07-15,2025-07-17,2025-07-15,2025-08-14,6240.0
SO000447,2025-07-15,C036,Kolkata WH,Delivered,2025-07-18,2025-07-16,2025-07-17,2025-07-16,2025-08-30,39253.2
SO000448,2025-07-15,C041,Guwahati WH,Delivered,2025-07-21,2025-07-31,2025-08-07,2025-07-31,2025-09-14,256161.6
SO000449,2025-07-16,C024,Guwahati WH,Delivered,2025-07-22,2025-08-13,2025-08-18,2025-08-13,2025-09-27,147204.0
SO000450,2025-07-16,C036,Kolkata WH,Delivered,2025-07-19,2025-07-30,2025-08-01,2025-07-30,2025-09-13,56020.8
SO000451,2025-07-16,C037,Guwahati WH,Delivered,2025-07-22,2025-07-17,2025-07-25,2025-07-17,2025-08-16,13906.8
SO000452,2025-07-16,C041,Guwahati WH,Delivered,2025-07-22,2025-07-22,2025-07-27,2025-07-22,2025-09-05,367001.4
SO000453,2025-07-16,C046,Siliguri WH,Delivered,2025-07-20,2025-11-05,2025-11-08,2025-11-05,2026-01-04,395395.2
SO000454,2025-07-17,C002,Guwahati WH,Delivered,2025-07-23,2025-07-17,2025-07-22,2025-07-17,2025-08-01,2791.8
SO000455,2025-07-17,C008,Kolkata WH,Delivered,2025-07-20,2025-07-30,2025-07-31,2025-07-30,2025-08-29,3469.2
SO000456,2025-07-17,C016,Guwahati WH,Delivered,2025-07-23,2025-07-17,2025-07-19,2025-07-17,2025-07-17,9028.8
SO000457,2025-07-17,C021,Kolkata WH,Delivered,2025-07-22,2025-08-14,2025-08-17,2025-08-14,2025-09-13,49555.2
SO000458,2025-07-17,C039,Siliguri WH,Delivered,2025-07-21,2025-08-14,2025-08-15,2025-08-14,2025-10-13,193497.0
SO000459,2025-07-17,C041,Guwahati WH,Delivered,2025-07-23,2025-07-18,2025-07-25,2025-07-18,2025-09-01,258312.6
SO000460,2025-07-17,C048,Guwahati WH,Delivered,2025-07-23,2025-07-18,2025-07-28,2025-07-18,2025-08-17,57975.6
SO000461,2025-07-17,C059,Kolkata WH,Delivered,2025-07-20,2025-07-23,2025-07-25,2025-07-23,2025-09-06,49275.6
SO000462,2025-07-18,C004,Guwahati WH,Delivered,2025-07-24,2025-07-19,2025-07-25,2025-07-19,2025-08-03,33336.0
SO000463,2025-07-18,C013,Kolkata WH,Delivered,2025-07-21,2025-07-19,2025-07-20,2025-07-19,2025-09-02,28274.4
SO000464,2025-07-18,C038,Guwahati WH,Delivered,2025-07-24,2025-07-30,2025-08-07,2025-07-30,2025-08-29,69591.0
SO000465,2025-07-18,C041,Guwahati WH,Delivered,2025-07-24,2025-07-23,2025-07-27,2025-07-23,2025-09-06,99952.8
SO000466,2025-07-18,C048,Guwahati WH,Delivered,2025-07-24,2025-07-30,2025-08-04,2025-07-30,2025-08-29,22608.0
SO000467,2025-07-18,C050,Guwahati WH,Delivered,2025-07-24,2025-07-21,2025-07-26,2025-07-21,2025-07-21,26107.2
SO000468,2025-07-19,C006,Kolkata WH,Delivered,2025-07-22,2025-07-21,2025-07-23,2025-07-21,2025-09-04,63042.0
SO000469,2025-07-19,C013,Kolkata WH,Delivered,2025-07-22,2025-07-22,2025-07-24,2025-07-22,2025-09-05,88891.2
SO000470,2025-07-19,C046,Siliguri WH,Delivered,2025-07-23,2025-07-21,2025-07-24,2025-07-21,2025-09-19,156187.8
SO000471,2025-07-19,C052,Guwahati WH,Delivered,2025-07-25,2025-07-30,2025-08-04,2025-07-30,2025-09-13,45238.8
SO000472,2025-07-19,C054,Kolkata WH,Delivered,2025-07-22,2025-07-21,2025-07-22,2025-07-21,2025-08-20,4098.6
SO000473,2025-07-19,C058,Kolkata WH,Delivered,2025-07-22,2025-07-22,2025-07-23,2025-07-22,2025-09-05,90206.4
SO000474,2025-07-21,C003,Guwahati WH,Delivered,2025-07-27,2025-07-25,2025-07-30,2025-07-25,2025-09-08,275368.8
SO000475,2025-07-21,C034,Guwahati WH,Delivered,2025-07-27,2025-07-24,2025-07-29,2025-07-24,2025-08-23,128388.6
SO000476,2025-07-21,C047,Kolkata WH,Delivered,2025-07-26,2025-07-22,2025-07-25,2025-07-22,2025-07-22,10573.2
SO000477,2025-07-21,C055,Kolkata WH,Delivered,2025-07-24,2025-07-21,2025-07-23,2025-07-21,2025-07-21,4821.6
SO000478,2025-07-22,C003,Guwahati WH,Delivered,2025-07-28,2025-07-30,2025-08-02,2025-07-30,2025-09-13,72536.4
SO000479,2025-07-22,C011,Guwahati WH,Delivered,2025-07-28,2025-07-24,2025-07-30,2025-07-24,2025-07-24,30519.0
SO000480,2025-07-22,C030,Guwahati WH,Delivered,2025-07-28,2025-07-24,2025-07-27,2025-07-24,2025-09-07,37777.2
SO000481,2025-07-22,C034,Guwahati WH,Delivered,2025-07-28,2025-07-23,2025-07-27,2025-07-23,2025-08-22,70574.4
SO000482,2025-07-22,C046,Siliguri WH,Delivered,2025-07-26,2025-07-29,2025-07-30,2025-07-29,2025-09-27,322093.2
SO000483,2025-07-22,C057,Guwahati WH,Delivered,2025-07-28,2025-07-25,2025-07-30,2025-07-25,2025-08-24,26640.6
SO000484,2025-07-23,C017,Guwahati WH,Delivered,2025-07-29,2025-08-13,2025-08-19,2025-08-13,2025-10-12,224365.8
SO000485,2025-07-23,C020,Siliguri WH,Delivered,2025-07-27,2025-07-23,2025-07-25,2025-07-23,2025-08-07,6855.6
SO000486,2025-07-23,C021,Kolkata WH,Delivered,2025-07-28,2025-10-10,2025-10-12,2025-10-10,2025-11-09,122760.6
SO000487,2025-07-23,C059,Kolkata WH,Delivered,2025-07-26,2025-07-28,2025-07-29,2025-07-28,2025-09-11,49027.2
SO000488,2025-07-24,C031,Guwahati WH,Delivered,2025-07-30,2025-07-30,2025-08-04,2025-07-30,2025-08-14,38649.6
SO000489,2025-07-24,C040,Kolkata WH,Delivered,2025-07-29,2025-07-31,2025-08-03,2025-07-31,2025-08-15,23284.8
SO000490,2025-07-24,C041,Guwahati WH,Delivered,2025-07-30,2025-11-13,2025-11-15,2025-11-13,2025-12-28,458954.4
SO000491,2025-07-25,C021,Kolkata WH,Delivered,2025-07-30,2025-07-31,2025-08-02,2025-07-31,2025-08-30,45588.6
SO000492,2025-07-25,C032,Kolkata WH,Delivered,2025-07-30,2025-08-25,2025-08-28,2025-08-25,2025-08-25,16941.6
SO000493,2025-07-25,C053,Siliguri WH,Cancelled,2025-07-29,,,,,0.0
SO000494,2025-07-25,C060,Kolkata WH,Delivered,2025-07-28,2025-07-28,2025-07-30,2025-07-28,2025-08-27,5849.4
SO000495,2025-07-26,C040,Kolkata WH,Delivered,2025-07-31,2025-08-26,2025-08-29,2025-08-26,2025-09-10,14641.2
SO000496,2025-07-26,C046,Siliguri WH,Delivered,2025-07-30,2025-11-01,2025-11-04,2025-11-01,2025-12-31,339861.6
SO000497,2025-07-26,C048,Guwahati WH,Delivered,2025-08-01,2025-07-31,2025-08-03,2025-07-31,2025-08-30,65710.8
SO000498,2025-07-28,C003,Guwahati WH,Cancelled,2025-08-03,,,,,0.0
SO000499,2025-07-28,C029,Kolkata WH,Delivered,2025-07-31,2025-07-28,2025-07-30,2025-07-28,2025-07-28,10231.2
SO000500,2025-07-28,C030,Guwahati WH,Delivered,2025-08-03,2025-08-25,2025-08-30,2025-08-25,2025-10-09,20178.0
SO000501,2025-07-28,C037,Guwahati WH,Delivered,2025-08-03,2025-07-30,2025-08-02,2025-07-30,2025-08-29,26617.2
SO000502,2025-07-28,C046,Siliguri WH,Cancelled,2025-08-01,,,,,0.0
SO000503,2025-07-28,C051,Kolkata WH,Delivered,2025-07-31,2025-07-28,2025-07-30,2025-07-28,2025-07-28,5040.0
SO000504,2025-07-29,C003,Guwahati WH,Delivered,2025-08-04,2025-08-14,2025-08-22,2025-08-14,2025-09-28,124840.8
SO000505,2025-07-29,C017,Guwahati WH,Delivered,2025-08-04,2025-10-10,2025-10-13,2025-10-10,2025-12-09,214479.6
SO000506,2025-07-29,C024,Guwahati WH,Delivered,2025-08-04,2025-08-11,2025-08-14,2025-08-11,2025-09-25,112435.2
SO000507,2025-07-29,C031,Guwahati WH,Delivered,2025-08-04,2025-07-29,2025-08-07,2025-07-29,2025-08-13,12355.2
SO000508,2025-07-29,C038,Guwahati WH,Delivered,2025-08-04,2025-07-31,2025-08-08,2025-07-31,2025-08-30,88556.4
SO000509,2025-07-29,C041,Guwahati WH,Delivered,2025-08-04,2025-11-21,2025-11-25,2025-11-21,2026-01-05,458300.4
SO000510,2025-07-29,C047,Kolkata WH,Delivered,2025-08-03,2025-07-30,2025-08-02,2025-07-30,2025-07-30,17733.6
SO000511,2025-07-29,C049,Kolkata WH,Delivered,2025-08-01,2025-10-11,2025-10-12,2025-10-11,2025-10-26,47187.0
SO000512,2025-07-29,C052,Guwahati WH,Delivered,2025-08-04,2025-08-01,2025-08-12,2025-08-01,2025-09-15,69627.6
SO000513,2025-07-29,C060,Kolkata WH,Delivered,2025-08-01,2025-07-30,2025-08-01,2025-07-30,2025-08-29,8114.4
SO000514,2025-07-30,C040,Kolkata WH,Delivered,2025-08-04,2025-08-02,2025-08-04,2025-08-02,2025-08-17,38547.6
SO000515,2025-07-30,C043,Guwahati WH,Delivered,2025-08-05,2025-07-31,2025-08-04,2025-07-31,2025-07-31,28321.2
SO000516,2025-07-30,C046,Siliguri WH,Delivered,2025-08-03,2025-08-02,2025-08-04,2025-08-02,2025-10-01,82450.8
SO000517,2025-07-30,C055,Kolkata WH,Delivered,2025-08-02,2025-08-02,2025-08-03,2025-08-02,2025-08-02,24591.6
SO000518,2025-07-31,C001,Guwahati WH,Delivered,2025-08-06,2025-08-01,2025-08-04,2025-08-01,2025-08-01,12071.4
SO000519,2025-07-31,C010,Guwahati WH,Delivered,2025-08-06,2025-08-06,2025-08-09,2025-08-06,2025-09-05,86495.4
SO000520,2025-07-31,C017,Guwahati WH,Cancelled,2025-08-06,,,,,0.0
SO000521,2025-07-31,C027,Kolkata WH,Delivered,2025-08-03,2025-08-02,2025-08-03,2025-08-02,2025-08-02,42476.4
SO000522,2025-07-31,C031,Guwahati WH,Delivered,2025-08-06,2025-07-31,2025-08-04,2025-07-31,2025-08-15,8114.4
SO000523,2025-07-31,C034,Guwahati WH,Delivered,2025-08-06,2025-08-07,2025-08-12,2025-08-07,2025-09-06,60999.6
SO000524,2025-07-31,C035,Kolkata WH,Delivered,2025-08-03,2025-08-02,2025-08-03,2025-08-02,2025-08-17,26409.6
SO000525,2025-07-31,C036,Kolkata WH,Delivered,2025-08-03,2025-08-01,2025-08-02,2025-08-01,2025-09-15,26352.0
SO000526,2025-07-31,C041,Guwahati WH,Delivered,2025-08-06,2025-10-29,2025-11-01,2025-10-29,2025-12-13,391704.0
SO000527,2025-07-31,C050,Guwahati WH,Delivered,2025-08-06,2025-08-04,2025-08-06,2025-08-04,2025-08-04,24600.0
SO000528,2025-07-31,C051,Kolkata WH,Delivered,2025-08-03,2025-08-02,2025-08-03,2025-08-02,2025-08-02,8031.6
SO000529,2025-07-31,C059,Kolkata WH,Delivered,2025-08-03,2025-08-13,2025-08-14,2025-08-13,2025-09-27,70330.8
SO000530,2025-08-01,C006,Kolkata WH,Delivered,2025-08-04,2025-08-04,2025-08-06,2025-08-04,2025-09-18,69208.8
SO000531,2025-08-01,C028,Guwahati WH,Delivered,2025-08-07,2025-08-07,2025-08-12,2025-08-07,2025-08-07,37863.0
SO000532,2025-08-01,C031,Guwahati WH,Delivered,2025-08-07,2025-08-04,2025-08-12,2025-08-04,2025-08-19,36169.2
SO000533,2025-08-01,C040,Kolkata WH,Delivered,2025-08-06,2025-08-04,2025-08-07,2025-08-04,2025-08-19,37281.6
SO000534,2025-08-01,C052,Guwahati WH,Delivered,2025-08-07,2025-08-02,2025-08-07,2025-08-02,2025-09-16,33297.6
SO000535,2025-08-02,C010,Guwahati WH,Delivered,2025-08-08,2025-09-04,2025-09-06,2025-09-04,2025-10-04,101965.2
SO000536,2025-08-02,C052,Guwahati WH,Cancelled,2025-08-08,,,,,0.0
SO000537,2025-08-04,C003,Guwahati WH,Delivered,2025-08-10,2025-08-19,2025-08-24,2025-08-19,2025-10-03,341627.4
SO000538,2025-08-04,C004,Guwahati WH,Delivered,2025-08-10,2025-08-07,2025-08-10,2025-08-07,2025-08-22,48139.2
SO000539,2025-08-04,C046,Siliguri WH,Delivered,2025-08-08,2025-11-04,2025-11-07,2025-11-04,2026-01-03,335662.2
SO000540,2025-08-05,C021,Kolkata WH,Delivered,2025-08-10,2025-10-10,2025-10-12,2025-10-10,2025-11-09,105144.0
SO000541,2025-08-05,C025,Guwahati WH,Delivered,2025-08-11,2025-08-06,2025-08-11,2025-08-06,2025-09-05,9608.4
SO000542,2025-08-05,C048,Guwahati WH,Delivered,2025-08-11,2025-08-08,2025-08-10,2025-08-08,2025-09-07,11740.8
SO000543,2025-08-05,C055,Kolkata WH,Delivered,2025-08-08,2025-08-06,2025-08-07,2025-08-06,2025-08-06,21504.0
SO000544,2025-08-06,C005,Kolkata WH,Delivered,2025-08-11,2025-08-06,2025-08-08,2025-08-06,2025-08-06,4365.0
SO000545,2025-08-06,C013,Kolkata WH,Delivered,2025-08-09,2025-10-03,2025-10-04,2025-10-03,2025-11-17,200203.8
SO000546,2025-08-06,C020,Siliguri WH,Delivered,2025-08-10,2025-08-08,2025-08-11,2025-08-08,2025-08-23,16525.2
SO000547,2025-08-06,C022,Kolkata WH,Delivered,2025-08-11,2025-08-08,2025-08-12,2025-08-08,2025-09-07,23041.8
SO000548,2025-08-06,C033,Siliguri WH,Delivered,2025-08-10,2025-08-09,2025-08-10,2025-08-09,2025-09-08,12607.2
SO000549,2025-08-06,C034,Guwahati WH,Delivered,2025-08-12,2025-08-23,2025-08-25,2025-08-23,2025-09-22,77080.8
SO000550,2025-08-06,C056,Siliguri WH,Delivered,2025-08-10,2025-08-07,2025-08-09,2025-08-07,2025-08-07,8791.2
SO000551,2025-08-07,C010,Guwahati WH,Delivered,2025-08-13,2025-08-09,2025-08-13,2025-08-09,2025-09-08,38714.4
SO000552,2025-08-07,C014,Guwahati WH,Delivered,2025-08-13,2025-08-14,2025-08-23,2025-08-14,2025-09-28,65538.0
SO000553,2025-08-07,C031,Guwahati WH,Delivered,2025-08-13,2025-08-07,2025-08-17,2025-08-07,2025-08-22,21542.4
SO000554,2025-08-08,C013,Kolkata WH,Delivered,2025-08-11,2025-08-28,2025-08-29,2025-08-28,2025-10-12,92467.2
SO000555,2025-08-08,C037,Guwahati WH,Delivered,2025-08-14,2025-08-11,2025-08-15,2025-08-11,2025-09-10,32727.6
SO000556,2025-08-09,C003,Guwahati WH,Delivered,2025-08-15,2025-08-25,2025-08-27,2025-08-25,2025-10-09,391591.8
SO000557,2025-08-09,C008,Kolkata WH,Delivered,2025-08-12,2025-08-12,2025-08-13,2025-08-12,2025-09-11,21690.0
SO000558,2025-08-09,C047,Kolkata WH,Delivered,2025-08-14,2025-08-14,2025-08-17,2025-08-14,2025-08-14,10429.2
SO000559,2025-08-09,C048,Guwahati WH,Delivered,2025-08-15,2025-08-11,2025-08-16,2025-08-11,2025-09-10,30736.8
SO000560,2025-08-11,C006,Kolkata WH,Delivered,2025-08-14,2025-08-12,2025-08-13,2025-08-12,2025-09-26,59400.0
SO000561,2025-08-11,C013,Kolkata WH,Delivered,2025-08-14,2025-08-25,2025-08-26,2025-08-25,2025-10-09,82737.0
SO000562,2025-08-11,C017,Guwahati WH,Cancelled,2025-08-17,,,,,0.0
SO000563,2025-08-12,C031,Guwahati WH,Delivered,2025-08-18,2025-08-25,2025-08-29,2025-08-25,2025-09-09,31006.8
SO000564,2025-08-12,C042,Kolkata WH,Delivered,2025-08-17,2025-09-15,2025-09-19,2025-09-15,2025-10-15,25986.6
SO000565,2025-08-12,C043,Guwahati WH,Delivered,2025-08-18,2025-08-13,2025-08-15,2025-08-13,2025-08-13,19766.4
SO000566,2025-08-12,C046,Siliguri WH,Delivered,2025-08-16,2025-12-03,2025-12-05,2025-12-03,2026-02-01,228861.6
SO000567,2025-08-12,C054,Kolkata WH,Delivered,2025-08-15,2025-08-12,2025-08-14,2025-08-12,2025-09-11,8761.2
SO000568,2025-08-13,C011,Guwahati WH,Delivered,2025-08-19,2025-08-18,2025-08-23,2025-08-18,2025-08-18,14824.2
SO000569,2025-08-13,C046,Siliguri WH,Cancelled,2025-08-17,,,,,0.0
SO000570,2025-08-13,C048,Guwahati WH,Delivered,2025-08-19,2025-08-14,2025-08-19,2025-08-14,2025-09-13,85352.4
SO000571,2025-08-14,C029,Kolkata WH,Delivered,2025-08-17,2025-08-15,2025-08-16,2025-08-15,2025-08-15,8382.6
SO000572,2025-08-14,C041,Guwahati WH,Cancelled,2025-08-20,,,,,0.0
SO000573,2025-08-16,C010,Guwahati WH,Delivered,2025-08-22,2025-08-19,2025-08-24,2025-08-19,2025-09-18,24379.2
SO000574,2025-08-16,C041,Guwahati WH,Delivered,2025-08-22,2025-11-07,2025-11-12,2025-11-07,2025-12-22,245255.4
SO000575,2025-08-16,C047,Kolkata WH,Delivered,2025-08-21,2025-10-10,2025-10-14,2025-10-10,2025-10-10,13425.6
SO000576,2025-08-16,C058,Kolkata WH,Delivered,2025-08-19,2025-08-19,2025-08-20,2025-08-19,2025-10-03,61416.0
SO000577,2025-08-18,C034,Guwahati WH,Delivered,2025-08-24,2025-09-17,2025-09-20,2025-09-17,2025-10-17,61240.8
SO000578,2025-08-18,C049,Kolkata WH,Delivered,2025-08-21,2025-08-18,2025-08-20,2025-08-18,2025-09-02,15539.4
SO000579,2025-08-19,C014,Guwahati WH,Cancelled,2025-08-25,,,,,0.0
SO000580,2025-08-20,C017,Guwahati WH,Cancelled,2025-08-26,,,,,0.0
SO000581,2025-08-20,C021,Kolkata WH,Delivered,2025-08-25,2025-08-30,2025-09-02,2025-08-30,2025-09-29,75859.2
SO000582,2025-08-20,C039,Siliguri WH,Delivered,2025-08-24,2025-10-28,2025-10-31,2025-10-28,2025-12-27,200041.2
SO000583,2025-08-20,C049,Kolkata WH,Delivered,2025-08-23,2025-08-22,2025-08-23,2025-08-22,2025-09-06,40948.8
SO000584,2025-08-21,C033,Siliguri WH,Delivered,2025-08-25,2025-08-23,2025-08-25,2025-08-23,2025-09-22,24343.2
SO000585,2025-08-21,C059,Kolkata WH,Delivered,2025-08-24,2025-09-18,2025-09-19,2025-09-18,2025-11-02,44328.6
SO000586,2025-08-22,C009,Guwahati WH,Delivered,2025-08-28,2025-08-25,2025-08-29,2025-08-25,2025-08-25,13424.4
SO000587,2025-08-22,C046,Siliguri WH,Delivered,2025-08-26,2025-12-02,2025-12-04,2025-12-02,2026-01-31,292876.8
SO000588,2025-08-23,C028,Guwahati WH,Delivered,2025-08-29,2025-08-25,2025-09-01,2025-08-25,2025-08-25,12622.8
SO000589,2025-08-23,C038,Guwahati WH,Delivered,2025-08-29,2025-08-25,2025-08-29,2025-08-25,2025-09-24,28208.4
SO000590,2025-08-23,C044,Guwahati WH,Delivered,2025-08-29,2025-08-26,2025-08-30,2025-08-26,2025-08-26,9760.8
SO000591,2025-08-23,C052,Guwahati WH,Delivered,2025-08-29,2025-08-23,2025-08-27,2025-08-23,2025-10-07,100172.4
SO000592,2025-08-25,C005,Kolkata WH,Delivered,2025-08-30,2025-10-10,2025-10-12,2025-10-10,2025-10-10,11678.4
SO000593,2025-08-25,C006,Kolkata WH,Delivered,2025-08-28,2025-09-19,2025-09-21,2025-09-19,2025-11-03,98432.4
SO000594,2025-08-25,C007,Siliguri WH,Delivered,2025-08-29,2025-08-26,2025-08-28,2025-08-26,2025-10-10,47487.6
SO000595,2025-08-25,C021,Kolkata WH,Cancelled,2025-08-30,,,,,0.0
SO000596,2025-08-25,C036,Kolkata WH,Delivered,2025-08-28,2025-08-29,2025-08-30,2025-08-29,2025-10-13,10933.2
SO000597,2025-08-25,C044,Guwahati WH,Delivered,2025-08-31,2025-08-27,2025-08-31,2025-08-27,2025-08-27,12348.0
SO000598,2025-08-26,C007,Siliguri WH,Delivered,2025-08-30,2025-08-28,2025-08-30,2025-08-28,2025-10-12,22569.6
SO000599,2025-08-26,C033,Siliguri WH,Delivered,2025-08-30,2025-10-10,2025-10-12,2025-10-10,2025-11-09,32248.8
SO000600,2025-08-26,C047,Kolkata WH,Delivered,2025-08-31,2025-08-28,2025-08-30,2025-08-28,2025-08-28,4015.8
SO000601,2025-08-27,C010,Guwahati WH,Delivered,2025-09-02,2025-09-11,2025-09-13,2025-09-11,2025-10-11,118924.2
SO000602,2025-08-27,C012,Kolkata WH,Delivered,2025-09-01,2025-08-30,2025-09-01,2025-08-30,2025-09-29,30425.4
SO000603,2025-08-27,C034,Guwahati WH,Delivered,2025-09-02,2025-08-29,2025-09-02,2025-08-29,2025-09-28,76384.8
SO000604,2025-08-27,C039,Siliguri WH,Delivered,2025-08-31,2025-10-25,2025-10-28,2025-10-25,2025-12-24,142815.0
SO000605,2025-08-27,C058,Kolkata WH,Delivered,2025-08-30,2025-10-10,2025-10-11,2025-10-10,2025-11-24,57754.2
SO000606,2025-08-28,C046,Siliguri WH,Delivered,2025-09-01,2025-11-13,2025-11-16,2025-11-13,2026-01-12,292806.0
SO000607,2025-08-29,C004,Guwahati WH,Delivered,2025-09-04,2025-08-30,2025-09-06,2025-08-30,2025-09-14,15828.0
SO000608,2025-08-29,C025,Guwahati WH,Delivered,2025-09-04,2025-08-30,2025-09-02,2025-08-30,2025-09-29,10335.6
SO000609,2025-08-29,C034,Guwahati WH,Delivered,2025-09-04,2025-10-04,2025-10-07,2025-10-04,2025-11-03,118317.6
SO000610,2025-08-29,C041,Guwahati WH,Cancelled,2025-09-04,,,,,0.0
SO000611,2025-08-29,C049,Kolkata WH,Delivered,2025-09-01,2025-09-02,2025-09-04,2025-09-02,2025-09-17,12295.8
SO000612,2025-08-30,C006,Kolkata WH,Delivered,2025-09-02,2025-10-09,2025-10-11,2025-10-09,2025-11-23,47230.2
SO000613,2025-08-30,C014,Guwahati WH,Cancelled,2025-09-05,,,,,0.0
SO000614,2025-08-30,C033,Siliguri WH,Delivered,2025-09-03,2025-09-01,2025-09-03,2025-09-01,2025-10-01,13320.0
SO000615,2025-09-01,C009,Guwahati WH,Delivered,2025-09-07,2025-09-02,2025-09-07,2025-09-02,2025-09-02,19063.8
SO000616,2025-09-01,C022,Kolkata WH,Delivered,2025-09-06,2025-09-02,2025-09-06,2025-09-02,2025-10-02,4410.0
SO000617,2025-09-01,C028,Guwahati WH,Delivered,2025-09-07,2025-09-03,2025-09-05,2025-09-03,2025-09-03,28566.0
SO000618,2025-09-01,C036,Kolkata WH,Cancelled,2025-09-04,,,,,0.0
SO000619,2025-09-01,C037,Guwahati WH,Delivered,2025-09-07,2025-09-02,2025-09-05,2025-09-02,2025-10-02,24633.6
SO000620,2025-09-01,C042,Kolkata WH,Delivered,2025-09-06,2025-09-02,2025-09-04,2025-09-02,2025-10-02,30585.6
SO000621,2025-09-01,C059,Kolkata WH,Delivered,2025-09-04,2025-09-29,2025-09-30,2025-09-29,2025-11-13,62042.4
SO000622,2025-09-02,C005,Kolkata WH,Delivered,2025-09-07,2025-09-03,2025-09-06,2025-09-03,2025-09-03,11065.2
SO000623,2025-09-02,C039,Siliguri WH,Delivered,2025-09-06,2025-09-02,2025-09-05,2025-09-02,2025-11-01,220969.2
SO000624,2025-09-04,C021,Kolkata WH,Delivered,2025-09-09,2025-09-08,2025-09-11,2025-09-08,2025-10-08,72350.4
SO000625,2025-09-04,C039,Siliguri WH,Delivered,2025-09-08,2025-11-12,2025-11-14,2025-11-12,2026-01-11,260191.2
SO000626,2025-09-05,C058,Kolkata WH,Delivered,2025-09-08,2025-09-08,2025-09-09,2025-09-08,2025-10-23,39585.6
SO000627,2025-09-08,C010,Guwahati WH,Delivered,2025-09-14,2025-09-18,2025-09-21,2025-09-18,2025-10-18,70905.6
SO000628,2025-09-08,C014,Guwahati WH,Cancelled,2025-09-14,,,,,0.0
SO000629,2025-09-08,C017,Guwahati WH,Delivered,2025-09-14,2025-10-13,2025-10-15,2025-10-13,2025-12-12,161344.8
SO000630,2025-09-08,C031,Guwahati WH,Delivered,2025-09-14,2025-09-11,2025-09-16,2025-09-11,2025-09-26,72633.6
SO000631,2025-09-08,C034,Guwahati WH,Cancelled,2025-09-14,,,,,0.0
SO000632,2025-09-09,C046,Siliguri WH,Delivered,2025-09-13,2025-11-28,2025-12-01,2025-11-28,2026-01-27,341265.0
SO000633,2025-09-10,C003,Guwahati WH,Delivered,2025-09-16,2025-11-15,2025-11-19,2025-11-15,2025-12-30,306417.0
SO000634,2025-09-10,C008,Kolkata WH,Delivered,2025-09-13,2025-09-11,2025-09-12,2025-09-11,2025-10-11,18462.0
SO000635,2025-09-10,C017,Guwahati WH,Delivered,2025-09-16,2025-09-11,2025-09-15,2025-09-11,2025-11-10,104362.8
SO000636,2025-09-10,C040,Kolkata WH,Delivered,2025-09-15,2025-09-11,2025-09-13,2025-09-11,2025-09-26,19458.6
SO000637,2025-09-10,C046,Siliguri WH,Delivered,2025-09-14,2025-12-04,2025-12-07,2025-12-04,2026-02-02,262810.8
SO000638,2025-09-11,C049,Kolkata WH,Delivered,2025-09-14,2025-09-13,2025-09-15,2025-09-13,2025-09-28,66885.0
SO000639,2025-09-11,C054,Kolkata WH,Delivered,2025-09-14,2025-09-13,2025-09-14,2025-09-13,2025-10-13,3026.4
SO000640,2025-09-11,C059,Kolkata WH,Delivered,2025-09-14,2025-09-24,2025-09-26,2025-09-24,2025-11-08,59908.8
SO000641,2025-09-12,C052,Guwahati WH,Delivered,2025-09-18,2025-09-13,2025-09-16,2025-09-13,2025-10-28,55769.4
SO000642,2025-09-13,C023,Guwahati WH,Delivered,2025-09-19,2025-09-15,2025-09-18,2025-09-15,2025-10-15,10741.2
SO000643,2025-09-13,C054,Kolkata WH,Delivered,2025-09-16,2025-10-09,2025-10-11,2025-10-09,2025-11-08,17272.8
SO000644,2025-09-13,C056,Siliguri WH,Delivered,2025-09-17,2025-10-09,2025-10-10,2025-10-09,2025-10-09,16846.2
SO000645,2025-09-15,C013,Kolkata WH,Cancelled,2025-09-18,,,,,0.0
SO000646,2025-09-15,C049,Kolkata WH,Delivered,2025-09-18,2025-09-15,2025-09-17,2025-09-15,2025-09-30,15570.6
SO000647,2025-09-16,C014,Guwahati WH,Delivered,2025-09-22,2025-10-08,2025-10-11,2025-10-08,2025-11-22,137311.2
SO000648,2025-09-16,C039,Siliguri WH,Delivered,2025-09-20,2025-11-10,2025-11-11,2025-11-10,2026-01-09,116526.6
SO000649,2025-09-16,C052,Guwahati WH,Delivered,2025-09-22,2025-09-20,2025-09-23,2025-09-20,2025-11-04,55889.4
SO000650,2025-09-16,C055,Kolkata WH,Delivered,2025-09-19,2025-09-17,2025-09-18,2025-09-17,2025-09-17,4057.2
SO000651,2025-09-18,C039,Siliguri WH,Delivered,2025-09-22,2025-12-01,2025-12-03,2025-12-01,2026-01-30,236566.8
SO000652,2025-09-18,C044,Guwahati WH,Delivered,2025-09-24,2025-10-10,2025-10-14,2025-10-10,2025-10-10,12024.0
SO000653,2025-09-18,C049,Kolkata WH,Delivered,2025-09-21,2025-09-22,2025-09-24,2025-09-22,2025-10-07,3026.4
SO000654,2025-09-20,C024,Guwahati WH,Delivered,2025-09-26,2025-09-25,2025-09-28,2025-09-25,2025-11-09,78071.4
SO000655,2025-09-22,C031,Guwahati WH,Delivered,2025-09-28,2025-10-03,2025-10-08,2025-10-03,2025-10-18,35092.8
SO000656,2025-09-23,C006,Kolkata WH,Delivered,2025-09-26,2025-10-03,2025-10-04,2025-10-03,2025-11-17,183266.4
SO000657,2025-09-23,C031,Guwahati WH,Delivered,2025-09-29,2025-09-29,2025-10-03,2025-09-29,2025-10-14,11054.4
SO000658,2025-09-23,C059,Kolkata WH,Delivered,2025-09-26,2025-10-08,2025-10-09,2025-10-08,2025-11-22,112290.0
SO000659,2025-09-24,C017,Guwahati WH,Delivered,2025-09-30,2025-10-09,2025-10-14,2025-10-09,2025-12-08,258212.4
SO000660,2025-09-24,C018,Guwahati WH,Delivered,2025-09-30,2025-09-25,2025-09-30,2025-09-25,2025-10-10,10335.6
SO000661,2025-09-24,C048,Guwahati WH,Delivered,2025-09-30,2025-10-11,2025-10-13,2025-10-11,2025-11-10,102420.0
SO000662,2025-09-25,C003,Guwahati WH,Delivered,2025-10-01,2025-11-22,2025-11-25,2025-11-22,2026-01-06,185404.8
SO000663,2025-09-26,C008,Kolkata WH,Delivered,2025-09-29,2025-09-26,2025-09-27,2025-09-26,2025-10-26,5040.0
SO000664,2025-09-26,C014,Guwahati WH,Delivered,2025-10-02,2025-10-13,2025-10-17,2025-10-13,2025-11-27,179436.6
SO000665,2025-09-26,C057,Guwahati WH,Delivered,2025-10-02,2025-09-29,2025-10-03,2025-09-29,2025-10-29,29244.0
SO000666,2025-09-27,C024,Guwahati WH,Delivered,2025-10-03,2025-10-20,2025-10-25,2025-10-20,2025-12-04,71147.4
SO000667,2025-09-27,C034,Guwahati WH,Delivered,2025-10-03,2025-10-31,2025-11-02,2025-10-31,2025-11-30,85934.4
SO000668,2025-09-27,C036,Kolkata WH,Delivered,2025-09-30,2025-10-17,2025-10-18,2025-10-17,2025-12-01,20868.0
SO000669,2025-09-27,C048,Guwahati WH,Delivered,2025-10-03,2025-10-04,2025-10-06,2025-10-04,2025-11-03,70153.2
SO000670,2025-10-03,C030,Guwahati WH,Delivered,2025-10-09,2025-10-15,2025-10-18,2025-10-15,2025-11-29,34628.4
SO000671,2025-10-06,C017,Guwahati WH,Delivered,2025-10-12,2025-11-05,2025-11-08,2025-11-05,2026-01-04,224042.4
SO000672,2025-10-07,C003,Guwahati WH,Delivered,2025-10-13,2025-10-16,2025-10-19,2025-10-16,2025-11-30,337823.4
SO000673,2025-10-07,C021,Kolkata WH,Delivered,2025-10-12,2025-10-08,2025-10-12,2025-10-08,2025-11-07,40467.6
SO000674,2025-10-07,C039,Siliguri WH,Delivered,2025-10-11,2025-11-14,2025-11-17,2025-11-14,2026-01-13,295870.8
SO000675,2025-10-08,C004,Guwahati WH,Delivered,2025-10-14,2025-10-11,2025-10-14,2025-10-11,2025-10-26,11167.2
SO000676,2025-10-09,C047,Kolkata WH,Delivered,2025-10-14,2025-10-10,2025-10-14,2025-10-10,2025-10-10,8947.2
SO000677,2025-10-10,C013,Kolkata WH,Delivered,2025-10-13,2025-10-11,2025-10-13,2025-10-11,2025-11-25,38723.4
SO000678,2025-10-11,C038,Guwahati WH,Delivered,2025-10-17,2025-10-13,2025-10-17,2025-10-13,2025-11-12,35671.2
SO000679,2025-10-11,C039,Siliguri WH,Delivered,2025-10-15,2025-12-05,2025-12-08,2025-12-05,2026-02-03,116947.2
SO000680,2025-10-11,C051,Kolkata WH,Delivered,2025-10-14,2025-10-11,2025-10-12,2025-10-11,2025-10-11,2587.2
SO000681,2025-10-13,C054,Kolkata WH,Delivered,2025-10-16,2025-10-15,2025-10-16,2025-10-15,2025-11-14,18015.6
SO000682,2025-10-16,C048,Guwahati WH,Delivered,2025-10-22,2025-10-28,2025-10-31,2025-10-28,2025-11-27,96154.8
SO000683,2025-10-21,C020,Siliguri WH,Delivered,2025-10-25,2025-10-22,2025-10-25,2025-10-22,2025-11-06,8443.8
SO000684,2025-10-23,C051,Kolkata WH,Delivered,2025-10-26,2025-10-24,2025-10-26,2025-10-24,2025-10-24,11391.6
SO000685,2025-10-24,C041,Guwahati WH,Delivered,2025-10-30,2025-11-08,2025-11-10,2025-11-08,2025-12-23,215515.2
SO000686,2025-10-28,C012,Kolkata WH,Delivered,2025-11-02,2025-10-31,2025-11-03,2025-10-31,2025-11-30,19401.6
SO000687,2025-10-29,C055,Kolkata WH,Delivered,2025-11-01,2025-10-29,2025-10-30,2025-10-29,2025-10-29,28485.0
SO000688,2025-10-30,C052,Guwahati WH,Delivered,2025-11-05,2025-11-08,2025-11-10,2025-11-08,2025-12-23,29718.0
SO000689,2025-11-03,C027,Kolkata WH,Delivered,2025-11-06,2025-11-05,2025-11-06,2025-11-05,2025-11-05,8613.6
SO000690,2025-11-04,C007,Siliguri WH,Delivered,2025-11-08,2025-11-05,2025-11-07,2025-11-05,2025-12-20,36296.4
SO000691,2025-11-04,C044,Guwahati WH,Delivered,2025-11-10,2025-11-04,2025-11-07,2025-11-04,2025-11-04,2435.4
SO000692,2025-11-05,C013,Kolkata WH,Delivered,2025-11-08,2025-12-08,2025-12-09,2025-12-08,2026-01-22,177443.4
SO000693,2025-11-05,C059,Kolkata WH,Delivered,2025-11-08,2025-11-07,2025-11-08,2025-11-07,2025-12-22,33276.0
SO000694,2025-11-07,C027,Kolkata WH,Delivered,2025-11-10,2025-11-12,2025-11-14,2025-11-12,2025-11-12,2220.0
SO000695,2025-11-08,C030,Guwahati WH,Delivered,2025-11-14,2025-11-13,2025-11-16,2025-11-13,2025-12-28,24473.4
SO000696,2025-11-11,C047,Kolkata WH,Delivered,2025-11-16,2025-11-13,2025-11-16,2025-11-13,2025-11-13,22869.0
SO000697,2025-11-12,C028,Guwahati WH,Delivered,2025-11-18,2025-11-14,2025-11-16,2025-11-14,2025-11-14,15975.6
SO000698,2025-11-12,C041,Guwahati WH,Delivered,2025-11-18,2025-12-02,2025-12-06,2025-12-02,2026-01-16,325582.8
SO000699,2025-11-13,C011,Guwahati WH,Delivered,2025-11-19,2025-11-14,2025-11-17,2025-11-14,2025-11-14,7436.4
SO000700,2025-11-14,C003,Guwahati WH,Delivered,2025-11-20,2025-11-20,2025-11-22,2025-11-20,2026-01-04,142730.4
SO000701,2025-11-14,C050,Guwahati WH,Delivered,2025-11-20,2025-11-15,2025-11-17,2025-11-15,2025-11-15,18492.0
SO000702,2025-11-15,C046,Siliguri WH,Delivered,2025-11-19,2025-12-02,2025-12-03,2025-12-02,2026-01-31,240271.2
SO000703,2025-11-20,C006,Kolkata WH,Delivered,2025-11-23,2025-11-26,2025-11-27,2025-11-26,2026-01-10,103627.8
SO000704,2025-11-20,C042,Kolkata WH,Delivered,2025-11-25,2025-11-24,2025-11-26,2025-11-24,2025-12-24,32475.6
SO000705,2025-11-20,C046,Siliguri WH,Delivered,2025-11-24,2025-12-02,2025-12-04,2025-12-02,2026-01-31,286174.8
SO000706,2025-11-22,C019,Kolkata WH,Delivered,2025-11-25,2025-11-24,2025-11-26,2025-11-24,2025-11-24,7644.0
SO000707,2025-11-24,C021,Kolkata WH,Delivered,2025-11-29,2025-11-27,2025-11-30,2025-11-27,2025-12-27,65336.4
SO000708,2025-11-24,C038,Guwahati WH,Delivered,2025-11-30,2025-11-26,2025-12-01,2025-11-26,2025-12-26,37864.8
SO000709,2025-11-25,C018,Guwahati WH,Delivered,2025-12-01,2025-11-26,2025-11-28,2025-11-26,2025-12-11,30567.6
SO000710,2025-11-26,C045,Kolkata WH,Delivered,2025-11-29,2025-11-29,2025-12-01,2025-11-29,2025-12-29,40611.0
SO000711,2025-11-26,C057,Guwahati WH,Delivered,2025-12-02,2025-11-27,2025-12-02,2025-11-27,2025-12-27,63888.0
SO000712,2025-11-26,C059,Kolkata WH,Delivered,2025-11-29,2025-11-26,2025-11-28,2025-11-26,2026-01-10,88482.6
SO000713,2025-11-27,C041,Guwahati WH,Delivered,2025-12-03,2025-11-28,2025-11-30,2025-11-28,2026-01-12,126814.8
SO000714,2025-11-27,C055,Kolkata WH,Delivered,2025-11-30,2025-12-01,2025-12-03,2025-12-01,2025-12-01,31725.6
SO000715,2025-11-29,C035,Kolkata WH,Delivered,2025-12-02,2025-12-01,2025-12-03,2025-12-01,2025-12-16,9878.4
SO000716,2025-11-29,C057,Guwahati WH,Delivered,2025-12-05,2025-11-29,2025-12-04,2025-11-29,2025-12-29,38132.4
SO000717,2025-12-01,C007,Siliguri WH,Delivered,2025-12-05,2025-12-03,2025-12-06,2025-12-03,2026-01-17,50458.2
SO000718,2025-12-01,C009,Guwahati WH,Delivered,2025-12-07,2025-12-02,2025-12-06,2025-12-02,2025-12-02,17910.0
SO000719,2025-12-02,C021,Kolkata WH,Delivered,2025-12-07,2025-12-02,2025-12-06,2025-12-02,2026-01-01,59875.2
SO000720,2025-12-02,C022,Kolkata WH,Delivered,2025-12-07,2025-12-03,2025-12-05,2025-12-03,2026-01-02,51099.6
SO000721,2025-12-04,C006,Kolkata WH,Delivered,2025-12-07,2025-12-05,2025-12-06,2025-12-05,2026-01-19,66813.6
SO000722,2025-12-04,C009,Guwahati WH,Delivered,2025-12-10,2025-12-04,2025-12-09,2025-12-04,2025-12-04,10509.0
SO000723,2025-12-06,C002,Guwahati WH,Delivered,2025-12-12,2025-12-08,2025-12-12,2025-12-08,2025-12-23,9363.0
SO000724,2025-12-06,C009,Guwahati WH,Delivered,2025-12-12,2025-12-06,2025-12-11,2025-12-06,2025-12-06,23817.0
SO000725,2025-12-08,C017,Guwahati WH,Delivered,2025-12-14,2025-12-09,2025-12-14,2025-12-09,2026-02-07,241203.0
SO000726,2025-12-09,C004,Guwahati WH,Delivered,2025-12-15,2025-12-09,2025-12-11,2025-12-09,2025-12-24,16591.2
SO000727,2025-12-09,C024,Guwahati WH,Delivered,2025-12-15,2025-12-10,2025-12-14,2025-12-10,2026-01-24,136584.0
SO000728,2025-12-10,C028,Guwahati WH,Delivered,2025-12-16,2025-12-10,2025-12-12,2025-12-10,2025-12-10,21621.6
SO000729,2025-12-11,C006,Kolkata WH,Delivered,2025-12-14,2025-12-12,2025-12-13,2025-12-12,2026-01-26,93546.6
SO000730,2025-12-11,C027,Kolkata WH,Delivered,2025-12-14,2025-12-11,2025-12-13,2025-12-11,2025-12-11,2968.2
SO000731,2025-12-15,C041,Guwahati WH,Delivered,2025-12-21,2025-12-16,2025-12-20,2025-12-16,2026-01-30,348724.8
SO000732,2025-12-17,C007,Siliguri WH,Delivered,2025-12-21,2025-12-18,2025-12-21,2025-12-18,2026-02-01,24204.6
SO000733,2025-12-17,C038,Guwahati WH,Delivered,2025-12-23,2025-12-17,2025-12-20,2025-12-17,2026-01-16,42979.8
SO000734,2025-12-17,C059,Kolkata WH,Delivered,2025-12-20,2025-12-17,2025-12-18,2025-12-17,2026-01-31,40752.0
SO000735,2025-12-18,C041,Guwahati WH,Delivered,2025-12-24,2025-12-19,2025-12-21,2025-12-19,2026-02-02,165722.4
SO000736,2025-12-19,C011,Guwahati WH,Delivered,2025-12-25,2025-12-20,2025-12-22,2025-12-20,2025-12-20,13071.6
SO000737,2025-12-22,C046,Siliguri WH,Delivered,2025-12-26,2025-12-23,2025-12-26,2025-12-23,2026-02-21,162078.0
SO000738,2025-12-23,C008,Kolkata WH,Delivered,2025-12-26,2025-12-24,2025-12-26,2025-12-24,2026-01-23,15468.0
SO000739,2025-12-27,C034,Guwahati WH,Delivered,2026-01-02,2025-12-27,2026-01-01,2025-12-27,2026-01-26,40658.4
SO000740,2025-12-31,C040,Kolkata WH,Delivered,2026-01-05,2025-12-31,2026-01-03,2025-12-31,2026-01-15,9622.8
SO000741,2025-12-31,C041,Guwahati WH,Delivered,2026-01-06,2025-12-31,2026-01-02,2025-12-31,2026-02-14,186982.8
SO000742,2026-01-02,C005,Kolkata WH,Delivered,2026-01-07,2026-01-02,2026-01-06,2026-01-02,2026-01-02,10172.4
SO000743,2026-01-02,C044,Guwahati WH,Delivered,2026-01-08,2026-01-03,2026-01-07,2026-01-03,2026-01-03,14935.2
SO000744,2026-01-03,C048,Guwahati WH,Delivered,2026-01-09,2026-01-03,2026-01-05,2026-01-03,2026-02-02,46054.2
SO000745,2026-01-05,C039,Siliguri WH,Delivered,2026-01-09,2026-01-05,2026-01-08,2026-01-05,2026-03-06,204934.8
SO000746,2026-01-07,C018,Guwahati WH,Delivered,2026-01-13,2026-01-07,2026-01-10,2026-01-07,2026-01-22,15120.0
SO000747,2026-01-08,C012,Kolkata WH,Delivered,2026-01-13,2026-01-08,2026-01-10,2026-01-08,2026-02-07,73599.0
SO000748,2026-01-10,C041,Guwahati WH,Delivered,2026-01-16,2026-01-12,2026-01-16,2026-01-12,2026-02-26,256087.2
SO000749,2026-01-10,C048,Guwahati WH,Delivered,2026-01-16,2026-01-12,2026-01-14,2026-01-12,2026-02-11,39996.0
SO000750,2026-01-12,C040,Kolkata WH,Delivered,2026-01-17,2026-01-12,2026-01-14,2026-01-12,2026-01-27,31559.4
SO000751,2026-01-15,C048,Guwahati WH,Delivered,2026-01-21,2026-01-15,2026-01-17,2026-01-15,2026-02-14,59870.4
SO000752,2026-01-19,C013,Kolkata WH,Delivered,2026-01-22,2026-01-19,2026-01-20,2026-01-19,2026-03-05,97404.0
SO000753,2026-01-20,C050,Guwahati WH,Delivered,2026-01-26,2026-01-21,2026-01-23,2026-01-21,2026-01-21,14666.4
SO000754,2026-01-21,C038,Guwahati WH,Delivered,2026-01-27,2026-01-21,2026-01-25,2026-01-21,2026-02-20,38611.2
SO000755,2026-01-29,C048,Guwahati WH,Delivered,2026-02-04,2026-01-30,2026-02-04,2026-01-30,2026-03-01,57495.6
SO000756,2026-01-29,C049,Kolkata WH,Delivered,2026-02-01,2026-01-29,2026-01-30,2026-01-29,2026-02-13,52956.0
SO000757,2026-01-29,C050,Guwahati WH,Delivered,2026-02-04,2026-01-29,2026-02-01,2026-01-29,2026-01-29,21687.6
SO000758,2026-01-31,C010,Guwahati WH,Delivered,2026-02-06,2026-01-31,2026-02-05,2026-01-31,2026-03-02,72655.2
SO000759,2026-02-02,C029,Kolkata WH,Delivered,2026-02-05,2026-02-03,2026-02-04,2026-02-03,2026-02-03,35389.8
SO000760,2026-02-02,C038,Guwahati WH,Delivered,2026-02-08,2026-02-02,2026-02-07,2026-02-02,2026-03-04,94486.2
SO000761,2026-02-03,C001,Guwahati WH,Delivered,2026-02-09,2026-02-04,2026-02-07,2026-02-04,2026-02-04,8431.2
SO000762,2026-02-03,C018,Guwahati WH,Delivered,2026-02-09,2026-02-04,2026-02-09,2026-02-04,2026-02-19,3682.8
SO000763,2026-02-04,C021,Kolkata WH,Delivered,2026-02-09,2026-02-04,2026-02-08,2026-02-04,2026-03-06,68545.8
SO000764,2026-02-04,C032,Kolkata WH,Delivered,2026-02-09,2026-02-04,2026-02-08,2026-02-04,2026-02-04,25198.2
SO000765,2026-02-05,C060,Kolkata WH,Delivered,2026-02-08,2026-02-05,2026-02-07,2026-02-05,2026-03-07,17947.2
SO000766,2026-02-06,C040,Kolkata WH,Delivered,2026-02-11,2026-02-06,2026-02-10,2026-02-06,2026-02-21,9979.2
SO000767,2026-02-07,C003,Guwahati WH,Delivered,2026-02-13,2026-02-09,2026-02-12,2026-02-09,2026-03-26,131875.2
SO000768,2026-02-07,C023,Guwahati WH,Delivered,2026-02-13,2026-02-07,2026-02-12,2026-02-07,2026-03-09,3920.4
SO000769,2026-02-07,C045,Kolkata WH,Delivered,2026-02-10,2026-02-09,2026-02-10,2026-02-09,2026-03-11,46985.4
SO000770,2026-02-10,C021,Kolkata WH,Delivered,2026-02-15,2026-02-11,2026-02-15,2026-02-11,2026-03-13,59540.4
SO000771,2026-02-10,C041,Guwahati WH,Delivered,2026-02-16,2026-02-10,2026-02-14,2026-02-10,2026-03-27,261192.0
SO000772,2026-02-11,C018,Guwahati WH,Delivered,2026-02-17,2026-02-12,2026-02-15,2026-02-12,2026-02-27,4989.6
SO000773,2026-02-11,C024,Guwahati WH,Delivered,2026-02-17,2026-02-12,2026-02-17,2026-02-12,2026-03-29,86859.0
SO000774,2026-02-12,C031,Guwahati WH,Delivered,2026-02-18,2026-02-13,2026-02-18,2026-02-13,2026-02-28,19602.0
SO000775,2026-02-12,C033,Siliguri WH,Delivered,2026-02-16,2026-02-13,2026-02-14,2026-02-13,2026-03-15,12561.6
SO000776,2026-02-12,C045,Kolkata WH,Delivered,2026-02-15,2026-02-12,2026-02-13,2026-02-12,2026-03-14,31425.0
SO000777,2026-02-12,C046,Siliguri WH,Delivered,2026-02-16,2026-02-12,2026-02-15,2026-02-12,2026-04-13,334925.4
SO000778,2026-02-13,C002,Guwahati WH,Delivered,2026-02-19,2026-02-13,2026-02-16,2026-02-13,2026-02-28,14467.2
SO000779,2026-02-13,C037,Guwahati WH,Delivered,2026-02-19,2026-02-13,2026-02-18,2026-02-13,2026-03-15,35599.2
SO000780,2026-02-13,C048,Guwahati WH,Delivered,2026-02-19,2026-02-13,2026-02-15,2026-02-13,2026-03-15,29145.6
SO000781,2026-02-13,C050,Guwahati WH,Delivered,2026-02-19,2026-02-14,2026-02-17,2026-02-14,2026-02-14,18072.0
SO000782,2026-02-14,C005,Kolkata WH,Delivered,2026-02-19,2026-02-14,2026-02-17,2026-02-14,2026-02-14,4989.6
SO000783,2026-02-14,C034,Guwahati WH,Delivered,2026-02-20,2026-02-16,2026-02-18,2026-02-16,2026-03-18,91888.8
SO000784,2026-02-14,C038,Guwahati WH,Delivered,2026-02-20,2026-02-16,2026-02-20,2026-02-16,2026-03-18,55850.4
SO000785,2026-02-16,C031,Guwahati WH,Delivered,2026-02-22,2026-02-16,2026-02-18,2026-02-16,2026-03-03,43848.0
SO000786,2026-02-17,C034,Guwahati WH,Delivered,2026-02-23,2026-02-17,2026-02-22,2026-02-17,2026-03-19,118046.4
SO000787,2026-02-18,C014,Guwahati WH,Delivered,2026-02-24,2026-02-19,2026-02-23,2026-02-19,2026-04-05,155805.0
SO000788,2026-02-18,C024,Guwahati WH,Delivered,2026-02-24,2026-02-19,2026-02-21,2026-02-19,2026-04-05,143193.6
SO000789,2026-02-18,C028,Guwahati WH,Delivered,2026-02-24,2026-02-19,2026-02-21,2026-02-19,2026-02-19,7702.8
SO000790,2026-02-18,C030,Guwahati WH,Delivered,2026-02-24,2026-02-18,2026-02-23,2026-02-18,2026-04-04,30195.0
SO000791,2026-02-19,C014,Guwahati WH,Delivered,2026-02-25,2026-02-20,2026-02-23,2026-02-20,2026-04-06,80749.8
SO000792,2026-02-19,C030,Guwahati WH,Delivered,2026-02-25,2026-02-19,2026-02-21,2026-02-19,2026-04-05,64484.4
SO000793,2026-02-20,C029,Kolkata WH,Delivered,2026-02-23,2026-02-21,2026-02-22,2026-02-21,2026-02-21,14666.4
SO000794,2026-02-20,C058,Kolkata WH,Delivered,2026-02-23,2026-02-21,2026-02-22,2026-02-21,2026-04-07,79817.4
SO000795,2026-02-21,C008,Kolkata WH,Delivered,2026-02-24,2026-02-23,2026-02-25,2026-02-23,2026-03-25,3608.4
SO000796,2026-02-21,C041,Guwahati WH,Delivered,2026-02-27,2026-02-23,2026-02-26,2026-02-23,2026-04-09,331377.0
SO000797,2026-02-23,C010,Guwahati WH,Delivered,2026-03-01,2026-02-24,2026-02-27,2026-02-24,2026-03-26,73902.6
SO000798,2026-02-27,C017,Guwahati WH,Delivered,2026-03-05,2026-02-27,2026-03-04,2026-02-27,2026-04-28,146109.6
SO000799,2026-02-27,C037,Guwahati WH,Delivered,2026-03-05,2026-02-28,2026-03-02,2026-02-28,2026-03-30,4888.8
SO000800,2026-02-28,C031,Guwahati WH,Delivered,2026-03-06,2026-03-02,2026-03-06,2026-03-02,2026-03-17,26460.0
SO000801,2026-03-02,C001,Guwahati WH,Delivered,2026-03-08,2026-03-03,2026-03-05,2026-03-03,2026-03-03,6890.4
SO000802,2026-03-02,C043,Guwahati WH,Delivered,2026-03-08,2026-03-03,2026-03-07,2026-03-03,2026-03-03,23226.0
SO000803,2026-03-04,C003,Guwahati WH,Delivered,2026-03-10,2026-03-06,2026-03-10,2026-03-06,2026-04-20,328539.6
SO000804,2026-03-04,C030,Guwahati WH,Delivered,2026-03-10,2026-03-05,2026-03-09,2026-03-05,2026-04-19,74436.0
SO000805,2026-03-04,C036,Kolkata WH,Delivered,2026-03-07,2026-03-04,2026-03-06,2026-03-04,2026-04-18,67737.6
SO000806,2026-03-04,C049,Kolkata WH,Delivered,2026-03-07,2026-03-05,2026-03-07,2026-03-05,2026-03-20,17995.2
SO000807,2026-03-05,C035,Kolkata WH,Delivered,2026-03-08,2026-03-05,2026-03-07,2026-03-05,2026-03-20,18500.4
SO000808,2026-03-05,C038,Guwahati WH,Delivered,2026-03-11,2026-03-05,2026-03-09,2026-03-05,2026-04-04,84994.2
SO000809,2026-03-05,C041,Guwahati WH,Delivered,2026-03-11,2026-03-05,2026-03-07,2026-03-05,2026-04-19,151762.8
SO000810,2026-03-05,C047,Kolkata WH,Delivered,2026-03-10,2026-03-06,2026-03-08,2026-03-06,2026-03-06,4057.2
SO000811,2026-03-07,C008,Kolkata WH,Delivered,2026-03-10,2026-03-07,2026-03-08,2026-03-07,2026-04-06,38611.8
SO000812,2026-03-07,C022,Kolkata WH,Delivered,2026-03-12,2026-03-07,2026-03-11,2026-03-07,2026-04-06,15789.6
SO000813,2026-03-07,C056,Siliguri WH,Delivered,2026-03-11,2026-03-09,2026-03-10,2026-03-09,2026-03-09,15153.6
SO000814,2026-03-09,C002,Guwahati WH,Delivered,2026-03-15,2026-03-09,2026-03-13,2026-03-09,2026-03-24,6688.8
SO000815,2026-03-09,C039,Siliguri WH,Delivered,2026-03-13,2026-03-09,2026-03-11,2026-03-09,2026-05-08,352063.8
SO000816,2026-03-10,C029,Kolkata WH,Delivered,2026-03-13,2026-03-11,2026-03-12,2026-03-11,2026-03-11,32020.8
SO000817,2026-03-10,C041,Guwahati WH,Delivered,2026-03-16,2026-03-10,2026-03-12,2026-03-10,2026-04-24,261706.8
SO000818,2026-03-10,C046,Siliguri WH,Delivered,2026-03-14,2026-03-11,2026-03-14,2026-03-11,2026-05-10,501157.8
SO000819,2026-03-11,C021,Kolkata WH,Delivered,2026-03-16,2026-03-12,2026-03-15,2026-03-12,2026-04-11,52075.8
SO000820,2026-03-11,C022,Kolkata WH,Delivered,2026-03-16,2026-03-12,2026-03-14,2026-03-12,2026-04-11,18711.0
SO000821,2026-03-11,C038,Guwahati WH,Delivered,2026-03-17,2026-03-12,2026-03-17,2026-03-12,2026-04-11,23560.2
SO000822,2026-03-11,C039,Siliguri WH,Delivered,2026-03-15,2026-03-12,2026-03-13,2026-03-12,2026-05-11,241864.8
SO000823,2026-03-11,C051,Kolkata WH,Delivered,2026-03-14,2026-03-12,2026-03-13,2026-03-12,2026-03-12,23716.2
SO000824,2026-03-12,C014,Guwahati WH,Delivered,2026-03-18,2026-03-12,2026-03-15,2026-03-12,2026-04-26,171811.2
SO000825,2026-03-12,C036,Kolkata WH,Delivered,2026-03-15,2026-03-13,2026-03-14,2026-03-13,2026-04-27,31176.0
SO000826,2026-03-12,C039,Siliguri WH,Delivered,2026-03-16,2026-03-12,2026-03-15,2026-03-12,2026-05-11,169186.8
SO000827,2026-03-13,C008,Kolkata WH,Delivered,2026-03-16,2026-03-14,2026-03-16,2026-03-14,2026-04-13,9000.0
SO000828,2026-03-13,C014,Guwahati WH,Delivered,2026-03-19,2026-03-13,2026-03-17,2026-03-13,2026-04-27,169107.6
SO000829,2026-03-13,C029,Kolkata WH,Delivered,2026-03-16,2026-03-13,2026-03-14,2026-03-13,2026-03-13,33742.8
SO000830,2026-03-14,C024,Guwahati WH,Delivered,2026-03-20,2026-03-14,2026-03-17,2026-03-14,2026-04-28,53721.0
SO000831,2026-03-14,C036,Kolkata WH,Delivered,2026-03-17,2026-03-16,2026-03-18,2026-03-16,2026-04-30,40580.4
SO000832,2026-03-16,C013,Kolkata WH,Delivered,2026-03-19,2026-03-16,2026-03-17,2026-03-16,2026-04-30,145643.4
SO000833,2026-03-16,C025,Guwahati WH,Delivered,2026-03-22,2026-03-17,2026-03-21,2026-03-17,2026-04-16,8197.2
SO000834,2026-03-17,C003,Guwahati WH,Pending,2026-03-23,,,,,0.0
SO000835,2026-03-17,C018,Guwahati WH,Delivered,2026-03-23,2026-03-17,2026-03-22,2026-03-17,2026-04-01,31510.8
SO000836,2026-03-18,C050,Guwahati WH,Delivered,2026-03-24,2026-03-18,2026-03-22,2026-03-18,2026-03-18,11640.0
SO000837,2026-03-19,C046,Siliguri WH,Delivered,2026-03-23,2026-03-20,2026-03-21,2026-03-20,2026-05-19,201566.4
SO000838,2026-03-21,C021,Kolkata WH,Delivered,2026-03-26,2026-03-23,2026-03-27,2026-03-23,2026-04-22,72532.8
SO000839,2026-03-21,C030,Guwahati WH,Delivered,2026-03-27,2026-03-23,2026-03-27,2026-03-23,2026-05-07,76950.0
SO000840,2026-03-21,C039,Siliguri WH,Delivered,2026-03-25,2026-03-21,2026-03-24,2026-03-21,2026-05-20,106162.2
SO000841,2026-03-21,C058,Kolkata WH,Delivered,2026-03-24,2026-03-23,2026-03-25,2026-03-23,2026-05-07,15222.0
SO000842,2026-03-23,C004,Guwahati WH,Delivered,2026-03-29,2026-03-24,2026-03-28,2026-03-24,2026-04-08,32956.8
SO000843,2026-03-23,C021,Kolkata WH,Delivered,2026-03-28,2026-03-24,2026-03-26,2026-03-24,2026-04-23,42199.2
SO000844,2026-03-23,C034,Guwahati WH,Delivered,2026-03-29,2026-03-24,2026-03-27,2026-03-24,2026-04-23,48470.4
SO000845,2026-03-23,C037,Guwahati WH,Delivered,2026-03-29,2026-03-24,2026-03-28,2026-03-24,2026-04-23,38020.8
SO000846,2026-03-24,C034,Guwahati WH,Delivered,2026-03-30,2026-03-25,2026-03-27,2026-03-25,2026-04-24,35964.0
SO000847,2026-03-24,C046,Siliguri WH,Delivered,2026-03-28,2026-03-24,2026-03-26,2026-03-24,2026-05-23,263686.8
SO000848,2026-03-25,C013,Kolkata WH,Delivered,2026-03-28,2026-03-26,2026-03-27,2026-03-26,2026-05-10,57627.0
SO000849,2026-03-25,C036,Kolkata WH,Delivered,2026-03-28,2026-03-25,2026-03-26,2026-03-25,2026-05-09,31713.6
SO000850,2026-03-26,C024,Guwahati WH,Delivered,2026-04-01,2026-03-26,2026-03-31,2026-03-26,2026-05-10,100638.0
SO000851,2026-03-26,C034,Guwahati WH,Delivered,2026-04-01,2026-03-27,2026-03-31,2026-03-27,2026-04-26,41604.0
SO000852,2026-03-27,C048,Guwahati WH,In Transit,2026-04-02,2026-03-28,,2026-03-28,2026-04-27,40672.8
SO000853,2026-03-27,C057,Guwahati WH,Delivered,2026-04-02,2026-03-28,2026-03-30,2026-03-28,2026-04-27,62762.4
SO000854,2026-03-28,C059,Kolkata WH,Delivered,2026-03-31,2026-03-28,2026-03-30,2026-03-28,2026-05-12,40190.4
SO000855,2026-03-30,C018,Guwahati WH,In Transit,2026-04-05,2026-03-30,,2026-03-30,2026-04-14,39668.4
SO000856,2026-03-30,C037,Guwahati WH,In Transit,2026-04-05,2026-03-30,,2026-03-30,2026-04-29,13876.8
SO000857,2026-03-30,C046,Siliguri WH,In Transit,2026-04-03,2026-03-31,,2026-03-31,2026-05-30,275016.0
SO000858,2026-03-31,C002,Guwahati WH,Pending,2026-04-06,,,,,0.0
