po_id,supplier_id,sku,po_date,ordered_qty,unit_cost,promised_arrival_date,actual_arrival_date,received_qty,status
PO0001,S04,RC-UV-04,2025-04-05,20988,291.0,2025-05-30,2025-06-05,20988,Received
PO0002,S04,RC-UV-05,2025-04-05,1872,368.0,2025-05-30,2025-05-27,1872,Received
PO0003,S02,RC-2F-03,2025-05-05,1680,298.0,2025-06-24,2025-06-25,1680,Received
PO0004,S01,RC-LG-03,2025-05-05,2424,284.0,2025-06-19,2025-07-06,2424,Received
PO0005,S04,RC-LG-06,2025-05-05,1428,414.0,2025-06-29,2025-07-10,1428,Received
PO0006,S01,RC-RC-04,2025-05-05,408,322.0,2025-06-19,2025-06-30,408,Received
PO0007,S04,RC-RC-05,2025-05-05,1884,456.0,2025-06-29,2025-07-08,1884,Received
PO0008,S04,RC-3F-07,2025-06-05,2232,193.0,2025-07-30,2025-07-30,2232,Received
PO0009,S03,RC-3F-08,2025-06-05,2352,224.0,2025-07-15,2025-07-30,2352,Received
PO0010,S02,RC-GF-01,2025-06-05,684,545.0,2025-07-25,2025-07-29,684,Received
PO0011,S01,RC-UV-02,2025-06-05,3024,384.0,2025-07-20,2025-08-13,3024,Received
PO0012,S02,RC-2F-03,2025-07-05,2268,298.0,2025-08-24,2025-08-24,2268,Received
PO0013,S03,RC-KD-02,2025-07-05,576,151.0,2025-08-14,2025-08-25,576,Received
PO0014,S04,RC-3F-07,2025-08-05,2940,193.0,2025-09-29,2025-10-09,2940,Received
PO0015,S03,RC-3F-08,2025-08-05,3312,224.0,2025-09-14,2025-09-13,3312,Received
PO0016,S01,RC-LG-03,2025-08-05,2388,284.0,2025-09-19,2025-09-26,2388,Received
PO0017,S04,RC-LG-06,2025-08-05,1368,414.0,2025-09-29,2025-10-06,1368,Received
PO0018,S02,RC-GF-01,2025-08-05,1008,545.0,2025-09-24,2025-10-03,1008,Received
PO0019,S01,RC-RC-04,2025-08-05,348,322.0,2025-09-19,2025-09-20,348,Received
PO0020,S04,RC-RC-05,2025-08-05,2748,456.0,2025-09-29,2025-10-10,2748,Received
PO0021,S02,RC-2F-03,2025-09-05,2268,298.0,2025-10-25,2025-11-10,2268,Received
PO0022,S03,RC-KD-02,2025-09-05,576,151.0,2025-10-15,2025-10-24,576,Received
PO0023,S02,RC-GF-01,2025-10-05,1320,545.0,2025-11-24,2025-12-08,1320,Received
PO0024,S01,RC-RC-04,2025-10-05,516,322.0,2025-11-19,2025-12-08,516,Received
PO0025,S04,RC-RC-05,2025-11-05,2484,456.0,2025-12-30,2025-12-30,2484,Received
PO0026,S01,RC-UV-02,2025-12-05,2040,384.0,2026-01-19,2026-02-09,2040,Received
PO0027,S03,RC-KD-02,2026-01-05,396,151.0,2026-02-14,2026-03-11,317,Received
PO0028,S04,RC-UV-05,2026-03-05,768,368.0,2026-04-29,,0,Open
