month,sku,opening_qty,produced_qty,received_qty,b2b_shipped_qty,retail_sold_qty,closing_qty,lost_retail_qty
2025-04,RC-3F-01,1040,0,0,432,25,583,0
2025-04,RC-3F-02,828,385,0,552,16,645,0
2025-04,RC-3F-03,3869,1568,0,1008,85,4344,0
2025-04,RC-3F-04,1718,0,0,336,39,1343,0
2025-04,RC-2F-01,2267,883,0,840,64,2246,0
2025-04,RC-2F-02,27,20,0,0,1,46,0
2025-04,RC-LG-01,1057,811,0,480,30,1358,0
2025-04,RC-LG-02,425,0,0,168,4,253,0
2025-04,RC-KD-01,1745,834,0,660,39,1880,0
2025-04,RC-GF-01,974,0,0,12,2,960,0
2025-04,RC-RC-01,1433,0,0,0,0,1433,0
2025-04,RC-UV-01,1243,0,0,12,6,1225,0
2025-05,RC-3F-01,583,0,0,492,39,52,0
2025-05,RC-3F-02,645,500,0,948,36,161,0
2025-05,RC-3F-03,4344,1851,0,1968,164,4063,0
2025-05,RC-3F-04,1343,0,0,1104,79,160,0
2025-05,RC-2F-01,2246,1068,0,1392,86,1836,0
2025-05,RC-2F-02,46,21,0,0,1,66,0
2025-05,RC-LG-01,1358,867,0,996,37,1192,0
2025-05,RC-LG-02,253,0,0,216,14,23,0
2025-05,RC-KD-01,1880,924,0,852,72,1880,0
2025-05,RC-GF-01,960,0,0,0,1,959,0
2025-05,RC-RC-01,1433,0,0,0,2,1431,0
2025-05,RC-UV-01,1225,0,0,0,3,1222,0
2025-06,RC-3F-01,52,0,900,924,28,0,32
2025-06,RC-3F-02,161,440,0,516,59,26,0
2025-06,RC-3F-03,4063,1452,0,1428,235,3852,0
2025-06,RC-3F-04,160,0,2592,1392,94,1266,0
2025-06,RC-2F-01,1836,772,0,1356,172,1080,0
2025-06,RC-2F-02,66,15,0,0,2,79,0
2025-06,RC-LG-01,1192,668,0,636,73,1151,0
2025-06,RC-LG-02,23,0,420,408,20,15,0
2025-06,RC-KD-01,1880,712,0,1272,107,1213,0
2025-06,RC-GF-01,959,0,0,60,5,894,0
2025-06,RC-RC-01,1431,0,0,0,5,1426,0
2025-06,RC-UV-01,1222,0,0,0,3,1219,0
