order_id,customer_id,customer_name,customer_type,payment_terms,credit_days,invoice_date,due_date,invoice_amount,amount_received,last_payment_date
SO000001,C015,Modern Agencies,Retailer,Cash,0,2025-04-03,2025-04-03,8316.0,8316.0,2025-04-08
SO000002,C001,Sunrise & Sons,Retailer,Cash,0,2025-04-04,2025-04-04,26975.4,26975.4,2025-04-06
SO000003,C002,Royal General Store,Retailer,Cash,0,2025-04-04,2025-04-04,29744.4,29744.4,2025-04-09
SO000004,C011,City Trading Co.,Wholesaler,Credit,30,2025-04-05,2025-05-05,46598.4,0.0,
SO000005,C014,Star Wholesale,Retailer,Cash,0,2025-04-05,2025-04-05,8170.8,8170.8,2025-04-10
SO000006,C005,Mahamaya Bazaar,Retailer,Cash,0,2025-04-07,2025-04-07,24738.0,24738.0,2025-04-11
SO000007,C006,Kamakhya Enterprises,Distributor,Credit,45,2025-04-07,2025-05-22,105549.0,105549.0,2025-05-24
SO000008,C006,Kamakhya Enterprises,Distributor,Credit,45,2025-04-08,2025-05-23,173435.4,173435.4,2025-05-22
SO000009,C015,Modern Agencies,Retailer,Cash,0,2025-04-10,2025-04-10,5702.4,5702.4,2025-04-14
SO000010,C015,Modern Agencies,Retailer,Cash,0,2025-04-12,2025-04-12,20019.6,20019.6,2025-04-14
SO000011,C004,Krishna Stores,Retailer,Cash,0,2025-04-16,2025-04-16,16275.6,16275.6,2025-04-23
SO000012,C001,Sunrise & Sons,Retailer,Cash,0,2025-04-18,2025-04-18,8100.0,8100.0,2025-04-20
SO000013,C010,Star General Store,Retailer,Cash,0,2025-04-18,2025-04-18,12238.2,12238.2,2025-04-22
SO000014,C003,Diamond Wholesale,Retailer,Cash,0,2025-04-19,2025-04-19,18001.8,18001.8,2025-04-21
SO000015,C011,City Trading Co.,Wholesaler,Credit,30,2025-04-19,2025-05-19,40749.6,15089.03,2025-06-30
SO000016,C007,Annapurna Wholesale,Wholesaler,Credit,30,2025-04-21,2025-05-21,16626.0,16626.0,2025-05-21
SO000017,C006,Kamakhya Enterprises,Distributor,Credit,45,2025-04-23,2025-06-07,142435.8,142435.8,2025-06-07
SO000018,C010,Star General Store,Retailer,Cash,0,2025-04-23,2025-04-23,7644.0,7644.0,2025-04-29
SO000019,C011,City Trading Co.,Wholesaler,Credit,30,2025-04-25,2025-05-25,10122.0,0.0,
SO000020,C006,Kamakhya Enterprises,Distributor,Credit,45,2025-04-25,2025-06-09,183126.0,183126.0,2025-06-13
SO000021,C009,Rupali Trading Co.,Distributor,Credit,45,2025-04-25,2025-06-09,122792.4,122792.4,2025-06-09
SO000022,C009,Rupali Trading Co.,Distributor,Credit,45,2025-04-26,2025-06-10,83514.6,83514.6,2025-06-14
SO000023,C006,Kamakhya Enterprises,Distributor,Credit,45,2025-04-30,2025-06-14,97455.0,97455.0,2025-06-16
SO000024,C006,Kamakhya Enterprises,Distributor,Credit,45,2025-05-01,2025-06-15,93313.2,93313.2,2025-06-13
SO000025,C013,Rupali Bastralaya,Wholesaler,Credit,30,2025-05-01,2025-05-31,72903.6,72903.6,2025-06-04
SO000026,C010,Star General Store,Retailer,Cash,0,2025-05-03,2025-05-03,10495.2,10495.2,2025-05-09
SO000027,C015,Modern Agencies,Retailer,Cash,0,2025-05-02,2025-05-02,12874.8,12874.8,2025-05-07
SO000028,C002,Royal General Store,Retailer,Cash,0,2025-05-03,2025-05-03,9261.0,9261.0,2025-05-05
SO000029,C005,Mahamaya Bazaar,Retailer,Cash,0,2025-05-05,2025-05-05,19074.0,19074.0,2025-05-09
SO000030,C009,Rupali Trading Co.,Distributor,Credit,45,2025-05-03,2025-06-17,98330.4,98330.4,2025-06-18
SO000031,C001,Sunrise & Sons,Retailer,Cash,0,2025-05-06,2025-05-06,9680.4,9680.4,2025-05-09
SO000032,C002,Royal General Store,Retailer,Cash,0,2025-05-07,2025-05-07,17156.4,17156.4,2025-05-13
SO000033,C006,Kamakhya Enterprises,Distributor,Credit,45,2025-05-08,2025-06-22,90588.0,90588.0,2025-06-23
SO000034,C009,Rupali Trading Co.,Distributor,Credit,45,2025-05-07,2025-06-21,164455.8,164455.8,2025-06-20
SO000035,C015,Modern Agencies,Retailer,Cash,0,2025-05-08,2025-05-08,21961.2,21961.2,2025-05-13
SO000036,C001,Sunrise & Sons,Retailer,Cash,0,2025-05-09,2025-05-09,5644.8,5644.8,2025-05-11
SO000037,C002,Royal General Store,Retailer,Cash,0,2025-05-10,2025-05-10,19902.6,19902.6,2025-05-16
SO000038,C008,Saraswati Agencies,Wholesaler,Credit,30,2025-05-09,2025-06-08,22084.8,22084.8,2025-06-06
SO000039,C011,City Trading Co.,Wholesaler,Credit,30,2025-05-10,2025-06-09,47968.2,20208.75,2025-06-29
SO000040,C008,Saraswati Agencies,Wholesaler,Credit,30,2025-05-10,2025-06-09,48827.4,48827.4,2025-06-07
SO000041,C010,Star General Store,Retailer,Cash,0,2025-05-15,2025-05-15,17718.0,17718.0,2025-05-18
SO000042,C005,Mahamaya Bazaar,Retailer,Cash,0,2025-05-17,2025-05-17,22401.0,22401.0,2025-05-19
SO000043,C011,City Trading Co.,Wholesaler,Credit,30,2025-05-16,2025-06-15,44701.8,0.0,
SO000045,C005,Mahamaya Bazaar,Retailer,Cash,0,2025-05-20,2025-05-20,25027.8,25027.8,2025-05-24
SO000046,C009,Rupali Trading Co.,Distributor,Credit,45,2025-06-24,2025-08-08,207237.6,0.0,
SO000047,C013,Rupali Bastralaya,Wholesaler,Credit,30,2025-05-21,2025-06-20,58635.6,58635.6,2025-06-30
SO000048,C006,Kamakhya Enterprises,Distributor,Credit,45,2025-05-21,2025-07-05,132439.8,0.0,
SO000049,C009,Rupali Trading Co.,Distributor,Credit,45,2025-05-21,2025-07-05,176097.6,176097.6,2025-06-30
SO000050,C011,City Trading Co.,Wholesaler,Credit,30,2025-05-21,2025-06-20,49954.2,0.0,
SO000051,C006,Kamakhya Enterprises,Distributor,Credit,45,2025-05-23,2025-07-07,204919.2,0.0,
SO000052,C004,Krishna Stores,Retailer,Cash,0,2025-05-24,2025-05-24,11044.8,11044.8,2025-05-28
SO000053,C008,Saraswati Agencies,Wholesaler,Credit,30,2025-06-23,2025-07-23,52915.8,0.0,
SO000054,C013,Rupali Bastralaya,Wholesaler,Credit,30,2025-05-24,2025-06-23,15618.0,0.0,
SO000055,C014,Star Wholesale,Retailer,Cash,0,2025-05-24,2025-05-24,2851.2,2851.2,2025-05-28
SO000056,C001,Sunrise & Sons,Retailer,Cash,0,2025-05-26,2025-05-26,15199.2,15199.2,2025-05-29
SO000057,C013,Rupali Bastralaya,Wholesaler,Credit,30,2025-05-27,2025-06-26,15822.0,10634.61,2025-06-26
SO000058,C014,Star Wholesale,Retailer,Cash,0,2025-05-27,2025-05-27,10838.4,10838.4,2025-06-02
SO000059,C003,Diamond Wholesale,Retailer,Cash,0,2025-05-28,2025-05-28,12044.4,12044.4,2025-05-30
SO000060,C002,Royal General Store,Retailer,Cash,0,2025-05-29,2025-05-29,20020.8,20020.8,2025-06-03
SO000061,C006,Kamakhya Enterprises,Distributor,Credit,45,2025-05-28,2025-07-12,65133.0,0.0,
SO000062,C006,Kamakhya Enterprises,Distributor,Credit,45,2025-05-30,2025-07-14,102908.4,0.0,
SO000063,C013,Rupali Bastralaya,Wholesaler,Credit,30,2025-05-30,2025-06-29,62677.8,0.0,
SO000064,C001,Sunrise & Sons,Retailer,Cash,0,2025-05-30,2025-05-30,12752.4,12752.4,2025-05-31
SO000065,C006,Kamakhya Enterprises,Distributor,Credit,45,2025-06-21,2025-08-05,73740.6,0.0,
SO000066,C005,Mahamaya Bazaar,Retailer,Cash,0,2025-06-02,2025-06-02,10476.0,10476.0,2025-06-05
SO000067,C006,Kamakhya Enterprises,Distributor,Credit,45,2025-06-24,2025-08-08,144663.6,0.0,
SO000068,C012,Sri Durga Stores,Retailer,Cash,0,2025-06-03,2025-06-03,10602.0,10602.0,2025-06-07
SO000069,C001,Sunrise & Sons,Retailer,Cash,0,2025-06-04,2025-06-04,12912.0,12912.0,2025-06-06
SO000070,C005,Mahamaya Bazaar,Retailer,Cash,0,2025-06-04,2025-06-04,23607.0,23607.0,2025-06-06
SO000071,C010,Star General Store,Retailer,Cash,0,2025-06-05,2025-06-05,8467.2,8467.2,2025-06-11
SO000072,C005,Mahamaya Bazaar,Retailer,Cash,0,2025-06-06,2025-06-06,10831.2,10831.2,2025-06-08
SO000073,C004,Krishna Stores,Retailer,Cash,0,2025-06-06,2025-06-06,19314.0,19314.0,2025-06-17
SO000074,C010,Star General Store,Retailer,Cash,0,2025-06-06,2025-06-06,4074.0,4074.0,2025-06-13
SO000076,C011,City Trading Co.,Wholesaler,Credit,30,2025-06-09,2025-07-09,13338.0,0.0,
SO000077,C007,Annapurna Wholesale,Wholesaler,Credit,30,2025-06-09,2025-07-09,11874.0,0.0,
SO000078,C010,Star General Store,Retailer,Cash,0,2025-06-11,2025-06-11,21940.2,21940.2,2025-06-15
SO000079,C012,Sri Durga Stores,Retailer,Cash,0,2025-06-09,2025-06-09,16033.2,16033.2,2025-06-11
SO000080,C008,Saraswati Agencies,Wholesaler,Credit,30,2025-06-23,2025-07-23,44907.6,0.0,
SO000081,C006,Kamakhya Enterprises,Distributor,Credit,45,2025-06-23,2025-08-07,39938.4,0.0,
SO000083,C009,Rupali Trading Co.,Distributor,Credit,45,2025-06-17,2025-08-01,136834.2,0.0,
SO000084,C010,Star General Store,Retailer,Cash,0,2025-06-21,2025-06-21,16220.4,16220.4,2025-06-24
SO000085,C006,Kamakhya Enterprises,Distributor,Credit,45,2025-06-18,2025-08-02,145003.2,0.0,
SO000087,C008,Saraswati Agencies,Wholesaler,Credit,30,2025-06-23,2025-07-23,30408.0,0.0,
SO000089,C011,City Trading Co.,Wholesaler,Credit,30,2025-06-23,2025-07-23,54453.6,0.0,
SO000090,C001,Sunrise & Sons,Retailer,Cash,0,2025-06-16,2025-06-16,5702.4,5702.4,2025-06-17
SO000091,C008,Saraswati Agencies,Wholesaler,Credit,30,2025-06-18,2025-07-18,41415.6,0.0,
SO000092,C001,Sunrise & Sons,Retailer,Cash,0,2025-06-17,2025-06-17,9602.4,9602.4,2025-06-20
SO000093,C005,Mahamaya Bazaar,Retailer,Cash,0,2025-06-18,2025-06-18,16800.0,16800.0,2025-06-19
SO000094,C001,Sunrise & Sons,Retailer,Cash,0,2025-06-18,2025-06-18,16318.8,16318.8,2025-06-20
SO000095,C002,Royal General Store,Retailer,Cash,0,2025-06-18,2025-06-18,11140.2,11140.2,2025-06-24
SO000096,C008,Saraswati Agencies,Wholesaler,Credit,30,2025-06-21,2025-07-21,40946.4,0.0,
SO000097,C006,Kamakhya Enterprises,Distributor,Credit,45,2025-06-23,2025-08-07,85526.4,0.0,
SO000098,C008,Saraswati Agencies,Wholesaler,Credit,30,2025-06-21,2025-07-21,26751.0,0.0,
SO000099,C009,Rupali Trading Co.,Distributor,Credit,45,2025-06-21,2025-08-05,120235.8,0.0,
SO000100,C010,Star General Store,Retailer,Cash,0,2025-06-21,2025-06-21,17034.0,17034.0,2025-06-25
SO000101,C007,Annapurna Wholesale,Wholesaler,Credit,30,2025-06-24,2025-07-24,18770.4,0.0,
SO000102,C007,Annapurna Wholesale,Wholesaler,Credit,30,2025-06-24,2025-07-24,30876.0,0.0,
SO000103,C013,Rupali Bastralaya,Wholesaler,Credit,30,2025-06-25,2025-07-25,55101.0,0.0,
SO000105,C014,Star Wholesale,Retailer,Cash,0,2025-06-26,2025-06-26,9653.4,9653.4,2025-06-28
SO000106,C006,Kamakhya Enterprises,Distributor,Credit,45,2025-06-27,2025-08-11,165346.8,0.0,
SO000107,C008,Saraswati Agencies,Wholesaler,Credit,30,2025-06-28,2025-07-28,52641.0,0.0,
SO000108,C009,Rupali Trading Co.,Distributor,Credit,45,2025-06-28,2025-08-12,92898.6,0.0,
SO000109,C003,Diamond Wholesale,Retailer,Cash,0,2025-06-30,2025-06-30,13443.6,0.0,
