order_id,line_no,sku,qty,unit_price,discount_pct,line_amount
SO000001,1,RC-LG-01,24,350.0,0.01,8316.0
SO000002,1,RC-3F-02,12,350.0,0.03,4074.0
SO000002,2,RC-LG-02,36,405.0,0.01,14434.2
SO000002,3,RC-3F-03,36,240.0,0.02,8467.2
SO000003,1,RC-2F-01,36,325.0,0.02,11466.0
SO000003,2,RC-3F-02,24,350.0,0.0,8400.0
SO000003,3,RC-3F-01,36,280.0,0.02,9878.4
SO000004,1,RC-2F-01,36,325.0,0.04,11232.0
SO000004,2,RC-3F-03,48,240.0,0.03,11174.4
SO000004,3,RC-3F-02,72,350.0,0.04,24192.0
SO000005,1,RC-3F-04,12,275.0,0.0,3300.0
SO000005,2,RC-UV-01,12,410.0,0.01,4870.8
SO000006,1,RC-LG-01,48,350.0,0.0,16800.0
SO000006,2,RC-KD-01,36,225.0,0.02,7938.0
SO000007,1,RC-3F-03,108,240.0,0.1,23328.0
SO000007,2,RC-LG-01,168,350.0,0.11,52332.0
SO000007,3,RC-3F-04,48,275.0,0.08,12144.0
SO000007,4,RC-2F-01,60,325.0,0.09,17745.0
SO000008,1,RC-2F-01,108,325.0,0.11,31239.0
SO000008,2,RC-3F-02,96,350.0,0.09,30576.0
SO000008,3,RC-3F-04,36,275.0,0.12,8712.0
SO000008,4,RC-KD-01,156,225.0,0.1,31590.0
SO000008,5,RC-3F-01,168,280.0,0.09,42806.4
SO000008,6,RC-3F-03,132,240.0,0.1,28512.0
SO000009,1,RC-3F-03,24,240.0,0.01,5702.4
SO000010,1,RC-2F-01,36,325.0,0.02,11466.0
SO000010,2,RC-3F-03,36,240.0,0.01,8553.6
SO000011,1,RC-3F-03,36,240.0,0.01,8553.6
SO000011,2,RC-2F-01,24,325.0,0.01,7722.0
SO000012,1,RC-KD-01,36,225.0,0.0,8100.0
SO000013,1,RC-3F-01,12,280.0,0.01,3326.4
SO000013,2,RC-3F-04,12,275.0,0.01,3267.0
SO000013,3,RC-3F-03,24,240.0,0.02,5644.8
SO000014,1,RC-2F-01,12,325.0,0.01,3861.0
SO000014,2,RC-3F-03,12,240.0,0.01,2851.2
SO000014,3,RC-GF-01,12,960.0,0.02,11289.6
SO000015,1,RC-KD-01,72,225.0,0.06,15228.0
SO000015,2,RC-3F-03,12,240.0,0.06,2707.2
SO000015,3,RC-3F-01,84,280.0,0.03,22814.4
SO000016,1,RC-KD-01,60,225.0,0.04,12960.0
SO000016,2,RC-2F-01,12,325.0,0.06,3666.0
SO000017,1,RC-3F-03,132,240.0,0.09,28828.8
SO000017,2,RC-2F-01,84,325.0,0.11,24297.0
SO000017,3,RC-3F-01,132,280.0,0.1,33264.0
SO000017,4,RC-KD-01,36,225.0,0.08,7452.0
SO000017,5,RC-3F-02,156,350.0,0.11,48594.0
SO000018,1,RC-2F-01,24,325.0,0.02,7644.0
SO000019,1,RC-2F-01,12,325.0,0.05,3705.0
SO000019,2,RC-3F-02,12,350.0,0.07,3906.0
SO000019,3,RC-KD-01,12,225.0,0.07,2511.0
SO000020,1,RC-LG-02,132,405.0,0.1,48114.0
SO000020,2,RC-2F-01,120,325.0,0.1,35100.0
SO000020,3,RC-3F-03,168,240.0,0.1,36288.0
SO000020,4,RC-3F-04,48,275.0,0.1,11880.0
SO000020,5,RC-LG-01,168,350.0,0.12,51744.0
SO000021,1,RC-3F-02,180,350.0,0.12,55440.0
SO000021,2,RC-3F-04,72,275.0,0.1,17820.0
SO000021,3,RC-3F-03,84,240.0,0.11,17942.4
SO000021,4,RC-2F-01,108,325.0,0.1,31590.0
SO000022,1,RC-KD-01,120,225.0,0.12,23760.0
SO000022,2,RC-3F-04,108,275.0,0.11,26433.0
SO000022,3,RC-3F-03,156,240.0,0.11,33321.6
SO000023,1,RC-2F-01,168,325.0,0.11,48594.0
SO000023,2,RC-KD-01,132,225.0,0.11,26433.0
SO000023,3,RC-LG-01,72,350.0,0.11,22428.0
SO000024,1,RC-3F-02,84,350.0,0.11,26166.0
SO000024,2,RC-2F-01,84,325.0,0.1,24570.0
SO000024,3,RC-3F-03,72,240.0,0.09,15724.8
SO000024,4,RC-3F-04,36,275.0,0.1,8910.0
SO000024,5,RC-3F-01,72,280.0,0.11,17942.4
SO000025,1,RC-3F-03,36,240.0,0.06,8121.6
SO000025,2,RC-3F-02,72,350.0,0.05,23940.0
SO000025,3,RC-3F-04,72,275.0,0.06,18612.0
SO000025,4,RC-2F-01,72,325.0,0.05,22230.0
SO000026,1,RC-3F-03,12,240.0,0.01,2851.2
SO000026,2,RC-2F-01,24,325.0,0.02,7644.0
SO000027,1,RC-3F-03,24,240.0,0.0,5760.0
SO000027,2,RC-2F-01,12,325.0,0.02,3822.0
SO000027,3,RC-3F-01,12,280.0,0.02,3292.8
SO000028,1,RC-2F-01,12,325.0,0.01,3861.0
SO000028,2,RC-KD-01,24,225.0,0.0,5400.0
SO000029,1,RC-KD-01,12,225.0,0.02,2646.0
SO000029,2,RC-3F-01,12,280.0,0.0,3360.0
SO000029,3,RC-3F-04,48,275.0,0.01,13068.0
SO000030,1,RC-3F-03,168,240.0,0.12,35481.6
SO000030,2,RC-3F-01,204,280.0,0.11,50836.8
SO000030,3,RC-3F-04,48,275.0,0.09,12012.0
SO000031,1,RC-3F-02,12,350.0,0.01,4158.0
SO000031,2,RC-3F-03,12,240.0,0.02,2822.4
SO000031,3,RC-KD-01,12,225.0,0.0,2700.0
SO000032,1,RC-3F-03,12,240.0,0.02,2822.4
SO000032,2,RC-3F-04,24,275.0,0.01,6534.0
SO000032,3,RC-2F-01,24,325.0,0.0,7800.0
SO000033,1,RC-3F-04,168,275.0,0.1,41580.0
SO000033,2,RC-LG-01,96,350.0,0.12,29568.0
SO000033,3,RC-KD-01,96,225.0,0.1,19440.0
SO000034,1,RC-3F-03,84,240.0,0.1,18144.0
SO000034,2,RC-3F-04,84,275.0,0.09,21021.0
SO000034,3,RC-LG-02,108,405.0,0.08,40240.8
SO000034,4,RC-2F-01,84,325.0,0.1,24570.0
SO000034,5,RC-3F-02,192,350.0,0.1,60480.0
SO000035,1,RC-2F-01,12,325.0,0.0,3900.0
SO000035,2,RC-3F-03,24,240.0,0.03,5587.2
SO000035,3,RC-LG-01,36,350.0,0.01,12474.0
SO000036,1,RC-3F-03,24,240.0,0.02,5644.8
SO000037,1,RC-2F-01,36,325.0,0.03,11349.0
SO000037,2,RC-3F-03,36,240.0,0.01,8553.6
SO000038,1,RC-3F-03,12,240.0,0.04,2764.8
SO000038,2,RC-KD-01,24,225.0,0.07,5022.0
SO000038,3,RC-3F-04,24,275.0,0.03,6402.0
SO000038,4,RC-3F-02,24,350.0,0.06,7896.0
SO000039,1,RC-LG-02,84,405.0,0.05,32319.0
SO000039,2,RC-3F-03,36,240.0,0.07,8035.2
SO000039,3,RC-KD-01,36,225.0,0.06,7614.0
SO000040,1,RC-KD-01,12,225.0,0.05,2565.0
SO000040,2,RC-3F-04,84,275.0,0.04,22176.0
SO000040,3,RC-3F-03,36,240.0,0.04,8294.4
SO000040,4,RC-3F-01,60,280.0,0.06,15792.0
SO000041,1,RC-3F-01,24,280.0,0.0,6720.0
SO000041,2,RC-KD-01,24,225.0,0.03,5238.0
SO000041,3,RC-3F-03,24,240.0,0.0,5760.0
SO000042,1,RC-3F-04,36,275.0,0.03,9603.0
SO000042,2,RC-3F-03,36,240.0,0.0,8640.0
SO000042,3,RC-LG-01,12,350.0,0.01,4158.0
SO000043,1,RC-2F-01,84,325.0,0.03,26481.0
SO000043,2,RC-3F-03,24,240.0,0.03,5587.2
SO000043,3,RC-3F-01,48,280.0,0.06,12633.6
SO000044,1,RC-LG-02,168,405.0,0.1,61236.0
SO000044,2,RC-3F-03,132,240.0,0.09,28828.8
SO000044,3,RC-2F-01,60,325.0,0.1,17550.0
SO000045,1,RC-3F-04,36,275.0,0.01,9801.0
SO000045,2,RC-3F-03,48,240.0,0.01,11404.8
SO000045,3,RC-2F-01,12,325.0,0.02,3822.0
SO000046,1,RC-3F-02,144,350.0,0.09,45864.0
SO000046,2,RC-3F-03,96,240.0,0.11,20505.6
SO000046,3,RC-LG-02,132,405.0,0.1,48114.0
SO000046,4,RC-3F-04,60,275.0,0.08,15180.0
SO000046,5,RC-LG-01,204,350.0,0.12,62832.0
SO000046,6,RC-KD-01,72,225.0,0.09,14742.0
SO000047,1,RC-3F-03,36,240.0,0.06,8121.6
SO000047,2,RC-2F-01,72,325.0,0.06,21996.0
SO000047,3,RC-LG-01,84,350.0,0.03,28518.0
SO000048,1,RC-KD-01,48,225.0,0.11,9612.0
SO000048,2,RC-3F-03,168,240.0,0.11,35884.8
SO000048,3,RC-LG-01,108,350.0,0.11,33642.0
SO000048,4,RC-3F-01,60,280.0,0.1,15120.0
SO000048,5,RC-2F-01,132,325.0,0.11,38181.0
SO000049,1,RC-KD-01,96,225.0,0.08,19872.0
SO000049,2,RC-3F-02,216,350.0,0.08,69552.0
SO000049,3,RC-3F-03,204,240.0,0.09,44553.6
SO000049,4,RC-2F-01,144,325.0,0.1,42120.0
SO000050,1,RC-LG-01,60,350.0,0.03,20370.0
SO000050,2,RC-3F-03,48,240.0,0.04,11059.2
SO000050,3,RC-2F-01,60,325.0,0.05,18525.0
SO000051,1,RC-LG-01,144,350.0,0.11,44856.0
SO000051,2,RC-KD-01,168,225.0,0.12,33264.0
SO000051,3,RC-3F-03,168,240.0,0.09,36691.2
SO000051,4,RC-3F-02,60,350.0,0.12,18480.0
SO000051,5,RC-3F-04,120,275.0,0.12,29040.0
SO000051,6,RC-2F-01,144,325.0,0.09,42588.0
SO000052,1,RC-3F-03,24,240.0,0.02,5644.8
SO000052,2,RC-KD-01,24,225.0,0.0,5400.0
SO000053,1,RC-3F-04,84,275.0,0.05,21945.0
SO000053,2,RC-3F-02,36,350.0,0.03,12222.0
SO000053,3,RC-3F-01,72,280.0,0.07,18748.8
SO000054,1,RC-3F-03,36,240.0,0.05,8208.0
SO000054,2,RC-2F-01,24,325.0,0.05,7410.0
SO000055,1,RC-3F-03,12,240.0,0.01,2851.2
SO000056,1,RC-3F-03,12,240.0,0.01,2851.2
SO000056,2,RC-LG-01,36,350.0,0.02,12348.0
SO000057,1,RC-KD-01,36,225.0,0.06,7614.0
SO000057,2,RC-3F-03,36,240.0,0.05,8208.0
SO000058,1,RC-2F-01,12,325.0,0.0,3900.0
SO000058,2,RC-3F-03,12,240.0,0.02,2822.4
SO000058,3,RC-3F-02,12,350.0,0.02,4116.0
SO000059,1,RC-2F-01,12,325.0,0.02,3822.0
SO000059,2,RC-3F-03,12,240.0,0.02,2822.4
SO000059,3,RC-KD-01,24,225.0,0.0,5400.0
SO000060,1,RC-3F-03,36,240.0,0.03,8380.8
SO000060,2,RC-KD-01,24,225.0,0.03,5238.0
SO000060,3,RC-3F-04,24,275.0,0.03,6402.0
SO000061,1,RC-KD-01,48,225.0,0.1,9720.0
SO000061,2,RC-3F-03,60,240.0,0.1,12960.0
SO000061,3,RC-3F-04,60,275.0,0.11,14685.0
SO000061,4,RC-2F-01,96,325.0,0.11,27768.0
SO000062,1,RC-LG-01,144,350.0,0.1,45360.0
SO000062,2,RC-3F-03,36,240.0,0.09,7862.4
SO000062,3,RC-2F-01,168,325.0,0.09,49686.0
SO000063,1,RC-KD-01,36,225.0,0.06,7614.0
SO000063,2,RC-LG-01,72,350.0,0.03,24444.0
SO000063,3,RC-3F-04,84,275.0,0.07,21483.0
SO000063,4,RC-LG-02,24,405.0,0.06,9136.8
SO000064,1,RC-2F-01,12,325.0,0.03,3783.0
SO000064,2,RC-3F-03,24,240.0,0.01,5702.4
SO000064,3,RC-3F-04,12,275.0,0.01,3267.0
SO000065,1,RC-3F-01,60,280.0,0.11,14952.0
SO000065,2,RC-3F-03,96,240.0,0.11,20505.6
SO000065,3,RC-3F-02,96,350.0,0.08,30912.0
SO000065,4,RC-KD-01,36,225.0,0.09,7371.0
SO000066,1,RC-KD-01,48,225.0,0.03,10476.0
SO000067,1,RC-2F-01,108,325.0,0.09,31941.0
SO000067,2,RC-3F-02,84,350.0,0.08,27048.0
SO000067,3,RC-KD-01,168,225.0,0.11,33642.0
SO000067,4,RC-LG-02,108,405.0,0.11,38928.6
SO000067,5,RC-3F-03,60,240.0,0.09,13104.0
SO000068,1,RC-3F-03,12,240.0,0.0,2880.0
SO000068,2,RC-2F-01,24,325.0,0.01,7722.0
SO000069,1,RC-KD-01,24,225.0,0.01,5346.0
SO000069,2,RC-2F-01,24,325.0,0.03,7566.0
SO000070,1,RC-2F-01,36,325.0,0.03,11349.0
SO000070,2,RC-LG-01,12,350.0,0.01,4158.0
SO000070,3,RC-KD-01,36,225.0,0.0,8100.0
SO000071,1,RC-3F-03,36,240.0,0.02,8467.2
SO000072,1,RC-3F-03,12,240.0,0.01,2851.2
SO000072,2,RC-2F-01,12,325.0,0.02,3822.0
SO000072,3,RC-LG-01,12,350.0,0.01,4158.0
SO000073,1,RC-3F-02,24,350.0,0.01,8316.0
SO000073,2,RC-3F-03,24,240.0,0.0,5760.0
SO000073,3,RC-KD-01,24,225.0,0.03,5238.0
SO000074,1,RC-LG-01,12,350.0,0.03,4074.0
SO000075,1,RC-LG-01,36,350.0,0.04,12096.0
SO000075,2,RC-3F-03,48,240.0,0.05,10944.0
SO000075,3,RC-LG-02,84,405.0,0.04,32659.2
SO000076,1,RC-3F-02,12,350.0,0.04,4032.0
SO000076,2,RC-3F-04,36,275.0,0.06,9306.0
SO000077,1,RC-2F-01,12,325.0,0.06,3666.0
SO000077,2,RC-3F-03,36,240.0,0.05,8208.0
SO000078,1,RC-3F-01,36,280.0,0.01,9979.2
SO000078,2,RC-2F-01,12,325.0,0.01,3861.0
SO000078,3,RC-KD-01,36,225.0,0.0,8100.0
SO000079,1,RC-2F-01,24,325.0,0.03,7566.0
SO000079,2,RC-3F-03,36,240.0,0.02,8467.2
SO000080,1,RC-3F-03,84,240.0,0.05,19152.0
SO000080,2,RC-3F-04,24,275.0,0.03,6402.0
SO000080,3,RC-3F-01,72,280.0,0.04,19353.6
SO000081,1,RC-3F-03,48,240.0,0.08,10598.4
SO000081,2,RC-3F-01,60,280.0,0.08,15456.0
SO000081,3,RC-2F-01,48,325.0,0.11,13884.0
SO000082,1,RC-LG-01,48,350.0,0.03,16296.0
SO000082,2,RC-3F-03,60,240.0,0.07,13392.0
SO000082,3,RC-LG-02,60,405.0,0.04,23328.0
SO000082,4,RC-2F-01,72,325.0,0.05,22230.0
SO000083,1,RC-3F-03,84,240.0,0.08,18547.2
SO000083,2,RC-2F-01,216,325.0,0.11,62478.0
SO000083,3,RC-KD-01,84,225.0,0.09,17199.0
SO000083,4,RC-3F-04,156,275.0,0.1,38610.0
SO000084,1,RC-3F-04,36,275.0,0.02,9702.0
SO000084,2,RC-3F-01,24,280.0,0.03,6518.4
SO000085,1,RC-3F-03,96,240.0,0.12,20275.2
SO000085,2,RC-2F-01,132,325.0,0.1,38610.0
SO000085,3,RC-LG-01,156,350.0,0.09,49686.0
SO000085,4,RC-3F-04,144,275.0,0.08,36432.0
SO000086,1,RC-3F-03,24,240.0,0.05,5472.0
SO000086,2,RC-3F-01,24,280.0,0.06,6316.8
SO000086,3,RC-2F-01,12,325.0,0.07,3627.0
SO000086,4,RC-LG-02,48,405.0,0.04,18662.4
SO000087,1,RC-3F-02,24,350.0,0.04,8064.0
SO000087,2,RC-3F-01,84,280.0,0.05,22344.0
SO000088,1,RC-LG-02,120,405.0,0.09,44226.0
SO000088,2,RC-3F-04,144,275.0,0.12,34848.0
SO000088,3,RC-3F-03,156,240.0,0.11,33321.6
SO000088,4,RC-3F-02,216,350.0,0.11,67284.0
SO000088,5,RC-KD-01,60,225.0,0.1,12150.0
SO000088,6,RC-3F-01,204,280.0,0.12,50265.6
SO000089,1,RC-3F-01,72,280.0,0.04,19353.6
SO000089,2,RC-3F-02,12,350.0,0.04,4032.0
SO000089,3,RC-2F-01,72,325.0,0.07,21762.0
SO000089,4,RC-3F-04,36,275.0,0.06,9306.0
SO000090,1,RC-3F-03,24,240.0,0.01,5702.4
SO000091,1,RC-3F-04,84,275.0,0.06,21714.0
SO000091,2,RC-KD-01,60,225.0,0.04,12960.0
SO000091,3,RC-LG-01,12,350.0,0.06,3948.0
SO000091,4,RC-3F-03,12,240.0,0.03,2793.6
SO000092,1,RC-3F-03,24,240.0,0.01,5702.4
SO000092,2,RC-2F-01,12,325.0,0.0,3900.0
SO000093,1,RC-LG-01,48,350.0,0.0,16800.0
SO000094,1,RC-3F-03,36,240.0,0.03,8380.8
SO000094,2,RC-KD-01,36,225.0,0.02,7938.0
SO000095,1,RC-KD-01,12,225.0,0.01,2673.0
SO000095,2,RC-3F-03,36,240.0,0.02,8467.2
SO000096,1,RC-LG-01,60,350.0,0.06,19740.0
SO000096,2,RC-3F-03,24,240.0,0.06,5414.4
SO000096,3,RC-3F-01,60,280.0,0.06,15792.0
SO000097,1,RC-3F-04,96,275.0,0.12,23232.0
SO000097,2,RC-KD-01,168,225.0,0.08,34776.0
SO000097,3,RC-3F-01,108,280.0,0.09,27518.4
SO000098,1,RC-2F-01,36,325.0,0.06,10998.0
SO000098,2,RC-LG-01,24,350.0,0.06,7896.0
SO000098,3,RC-KD-01,36,225.0,0.03,7857.0
SO000099,1,RC-2F-01,108,325.0,0.11,31239.0
SO000099,2,RC-3F-03,48,240.0,0.11,10252.8
SO000099,3,RC-3F-04,192,275.0,0.11,46992.0
SO000099,4,RC-KD-01,96,225.0,0.09,19656.0
SO000099,5,RC-3F-01,48,280.0,0.1,12096.0
SO000100,1,RC-3F-04,24,275.0,0.01,6534.0
SO000100,2,RC-KD-01,12,225.0,0.0,2700.0
SO000100,3,RC-2F-01,24,325.0,0.0,7800.0
SO000101,1,RC-KD-01,48,225.0,0.03,10476.0
SO000101,2,RC-3F-03,36,240.0,0.04,8294.4
SO000102,1,RC-3F-02,12,350.0,0.06,3948.0
SO000102,2,RC-2F-01,60,325.0,0.04,18720.0
SO000102,3,RC-3F-03,36,240.0,0.05,8208.0
SO000103,1,RC-3F-04,72,275.0,0.07,18414.0
SO000103,2,RC-2F-01,12,325.0,0.07,3627.0
SO000103,3,RC-LG-01,60,350.0,0.03,20370.0
SO000103,4,RC-KD-01,60,225.0,0.06,12690.0
SO000104,1,RC-3F-04,36,275.0,0.1,8910.0
SO000104,2,RC-3F-01,60,280.0,0.09,15288.0
SO000104,3,RC-KD-01,72,225.0,0.08,14904.0
SO000104,4,RC-3F-03,60,240.0,0.08,13248.0
SO000104,5,RC-2F-01,84,325.0,0.11,24297.0
SO000104,6,RC-3F-02,72,350.0,0.09,22932.0
SO000105,1,RC-3F-03,12,240.0,0.02,2822.4
SO000105,2,RC-KD-01,12,225.0,0.01,2673.0
SO000105,3,RC-LG-01,12,350.0,0.01,4158.0
SO000106,1,RC-KD-01,84,225.0,0.12,16632.0
SO000106,2,RC-LG-01,144,350.0,0.12,44352.0
SO000106,3,RC-3F-03,36,240.0,0.08,7948.8
SO000106,4,RC-3F-04,36,275.0,0.12,8712.0
SO000106,5,RC-2F-01,120,325.0,0.11,34710.0
SO000106,6,RC-GF-01,60,960.0,0.08,52992.0
SO000107,1,RC-3F-04,84,275.0,0.04,22176.0
SO000107,2,RC-2F-01,84,325.0,0.07,25389.0
SO000107,3,RC-KD-01,24,225.0,0.06,5076.0
SO000108,1,RC-3F-04,132,275.0,0.11,32307.0
SO000108,2,RC-3F-03,156,240.0,0.11,33321.6
SO000108,3,RC-KD-01,60,225.0,0.1,12150.0
SO000108,4,RC-3F-02,48,350.0,0.1,15120.0
SO000109,1,RC-3F-03,12,240.0,0.03,2793.6
SO000109,2,RC-3F-02,12,350.0,0.02,4116.0
SO000109,3,RC-3F-04,24,275.0,0.01,6534.0
SO000110,1,RC-3F-03,36,240.0,0.02,8467.2
SO000110,2,RC-3F-01,12,280.0,0.01,3326.4
SO000110,3,RC-3F-04,36,275.0,0.03,9603.0
SO000111,1,RC-KD-01,12,225.0,0.02,2646.0
SO000111,2,RC-2F-01,12,325.0,0.01,3861.0
SO000111,3,RC-3F-03,24,240.0,0.01,5702.4
