payment_id,order_id,customer_id,payment_date,amount,payment_mode
PAY000001,SO000001,C015,2025-04-08,8316.0,UPI
PAY000002,SO000002,C001,2025-04-06,26975.4,UPI
PAY000003,SO000003,C002,2025-04-09,29744.4,UPI
PAY000004,SO000005,C014,2025-04-10,8170.8,Cash
PAY000005,SO000006,C005,2025-04-11,24738.0,Cash
PAY000006,SO000007,C006,2025-05-24,105549.0,Cheque
PAY000007,SO000008,C006,2025-05-22,173435.4,NEFT
PAY000008,SO000009,C015,2025-04-14,5702.4,UPI
PAY000009,SO000010,C015,2025-04-14,20019.6,Cash
PAY000010,SO000011,C004,2025-04-23,16275.6,UPI
PAY000011,SO000012,C001,2025-04-20,8100.0,UPI
PAY000012,SO000013,C010,2025-04-22,12238.2,UPI
PAY000013,SO000014,C003,2025-04-21,18001.8,NEFT
PAY000014,SO000015,C011,2025-06-30,15089.03,NEFT
PAY000015,SO000016,C007,2025-05-21,16626.0,NEFT
PAY000016,SO000017,C006,2025-06-07,142435.8,NEFT
PAY000017,SO000018,C010,2025-04-29,7644.0,Cash
PAY000018,SO000020,C006,2025-06-13,183126.0,NEFT
PAY000019,SO000021,C009,2025-06-09,122792.4,NEFT
PAY000020,SO000022,C009,2025-06-14,83514.6,UPI
PAY000021,SO000023,C006,2025-06-16,97455.0,NEFT
PAY000022,SO000024,C006,2025-06-13,93313.2,NEFT
PAY000023,SO000025,C013,2025-06-04,72903.6,Cheque
PAY000024,SO000026,C010,2025-05-09,10495.2,NEFT
PAY000025,SO000027,C015,2025-05-07,12874.8,UPI
PAY000026,SO000028,C002,2025-05-05,9261.0,Cash
PAY000027,SO000029,C005,2025-05-09,19074.0,NEFT
PAY000028,SO000030,C009,2025-06-18,98330.4,Cheque
PAY000029,SO000031,C001,2025-05-09,9680.4,NEFT
PAY000030,SO000032,C002,2025-05-13,17156.4,Cash
PAY000031,SO000033,C006,2025-06-23,90588.0,Cheque
PAY000032,SO000034,C009,2025-06-20,164455.8,NEFT
PAY000033,SO000035,C015,2025-05-13,21961.2,UPI
PAY000034,SO000036,C001,2025-05-11,5644.8,UPI
PAY000035,SO000037,C002,2025-05-16,19902.6,Cash
PAY000036,SO000038,C008,2025-06-06,22084.8,NEFT
PAY000037,SO000039,C011,2025-06-29,20208.75,NEFT
PAY000038,SO000040,C008,2025-06-07,48827.4,Cheque
PAY000039,SO000041,C010,2025-05-18,17718.0,Cash
PAY000040,SO000042,C005,2025-05-19,22401.0,Cash
PAY000041,SO000045,C005,2025-05-24,25027.8,UPI
PAY000042,SO000047,C013,2025-06-30,58635.6,Cheque
PAY000043,SO000049,C009,2025-06-30,176097.6,Cheque
PAY000044,SO000052,C004,2025-05-28,11044.8,Cash
PAY000045,SO000055,C014,2025-05-28,2851.2,UPI
PAY000046,SO000056,C001,2025-05-29,15199.2,NEFT
PAY000047,SO000057,C013,2025-06-26,10634.61,Cheque
PAY000048,SO000058,C014,2025-06-02,10838.4,Cash
PAY000049,SO000059,C003,2025-05-30,12044.4,NEFT
PAY000050,SO000060,C002,2025-06-03,20020.8,Cash
PAY000051,SO000064,C001,2025-05-31,12752.4,Cash
PAY000052,SO000066,C005,2025-06-05,10476.0,UPI
PAY000053,SO000068,C012,2025-06-07,10602.0,Cash
PAY000054,SO000069,C001,2025-06-06,12912.0,Cash
PAY000055,SO000070,C005,2025-06-06,23607.0,Cash
PAY000056,SO000071,C010,2025-06-11,8467.2,Cash
PAY000057,SO000072,C005,2025-06-08,10831.2,Cash
PAY000058,SO000073,C004,2025-06-17,19314.0,NEFT
PAY000059,SO000074,C010,2025-06-13,4074.0,Cash
PAY000060,SO000078,C010,2025-06-15,21940.2,UPI
PAY000061,SO000079,C012,2025-06-11,16033.2,UPI
PAY000062,SO000084,C010,2025-06-24,16220.4,UPI
PAY000063,SO000090,C001,2025-06-17,5702.4,UPI
PAY000064,SO000092,C001,2025-06-20,9602.4,Cash
PAY000065,SO000093,C005,2025-06-19,16800.0,Cash
PAY000066,SO000094,C001,2025-06-20,16318.8,UPI
PAY000067,SO000095,C002,2025-06-24,11140.2,NEFT
PAY000068,SO000100,C010,2025-06-25,17034.0,Cash
PAY000069,SO000105,C014,2025-06-28,9653.4,UPI
