date,workers_scheduled,workers_present,planned_units,produced_units,rejected_units,remarks
2025-04-01,6,6,226,199,4,
2025-04-02,6,5,226,184,5,
2025-04-03,6,6,226,223,5,
2025-04-04,6,6,226,222,6,
2025-04-05,6,6,226,210,5,
2025-04-07,6,6,226,207,4,
2025-04-08,6,6,226,207,3,
2025-04-09,6,4,226,144,0,High absenteeism
2025-04-10,6,6,226,222,4,
2025-04-11,6,6,226,209,2,
2025-04-12,6,4,226,148,4,High absenteeism
2025-04-14,6,0,0,0,0,Factory closed (holiday)
2025-04-15,6,3,226,105,3,High absenteeism
2025-04-16,6,5,226,173,1,
2025-04-17,6,5,226,101,2,Power cut
2025-04-18,6,4,226,144,3,High absenteeism
2025-04-19,6,6,226,207,1,
2025-04-21,6,6,226,208,3,
2025-04-22,6,5,226,161,1,
2025-04-23,6,6,226,215,9,
2025-04-24,6,5,226,176,1,
2025-04-25,6,5,226,172,5,
2025-04-26,6,6,226,216,6,
2025-04-28,6,5,226,179,5,
2025-04-29,6,5,226,185,6,
2025-04-30,6,5,226,175,3,
2025-05-01,6,6,226,204,1,
2025-05-02,6,5,226,174,5,
2025-05-03,6,6,226,225,4,
2025-05-05,6,6,226,193,7,
2025-05-06,6,6,226,199,5,
2025-05-07,6,5,226,167,5,
2025-05-08,6,4,226,135,3,High absenteeism
2025-05-09,6,6,226,205,1,
2025-05-10,6,6,226,219,8,
2025-05-12,6,6,226,210,2,
2025-05-13,6,6,226,225,3,
2025-05-14,6,6,226,222,2,
2025-05-15,6,6,226,217,4,
2025-05-16,6,6,226,219,7,
2025-05-17,6,6,226,196,6,
2025-05-19,6,6,226,196,3,
2025-05-20,6,6,226,204,4,
2025-05-21,6,6,226,197,6,
2025-05-22,6,6,226,192,2,
2025-05-23,6,5,226,169,3,
2025-05-24,6,6,226,192,3,
2025-05-26,6,4,226,148,2,High absenteeism
2025-05-27,6,6,226,196,1,
2025-05-28,6,5,226,179,4,
2025-05-29,6,6,226,224,3,
2025-05-30,6,6,226,223,6,
2025-05-31,6,6,226,206,5,
2025-06-02,6,6,208,178,3,
2025-06-03,6,6,208,189,4,
2025-06-04,6,5,208,166,5,
2025-06-05,6,6,208,202,4,
2025-06-06,6,6,208,201,4,
2025-06-07,6,6,208,110,0,Power cut
2025-06-09,6,4,208,134,2,High absenteeism
2025-06-10,6,4,208,124,2,High absenteeism
2025-06-11,6,4,208,120,1,High absenteeism
2025-06-12,6,6,208,202,2,
2025-06-13,6,5,208,171,6,
2025-06-14,6,5,208,172,4,
2025-06-16,6,6,208,177,2,
2025-06-17,6,5,208,163,1,
2025-06-18,6,6,208,193,6,
2025-06-19,6,6,208,194,5,
2025-06-20,6,4,208,124,6,High absenteeism
2025-06-21,6,6,208,189,4,
2025-06-23,6,5,208,149,2,
2025-06-24,6,6,208,185,2,
2025-06-25,6,5,208,159,5,
2025-06-26,6,5,208,147,6,
2025-06-27,6,5,208,153,6,
2025-06-28,6,5,208,166,3,
2025-06-30,6,6,208,179,3,
